StartDate,EndDate,Status,IPAddress,Progress,Duration (in seconds),Finished,RecordedDate,ResponseId,RecipientLastName,RecipientFirstName,RecipientEmail,ExternalReference,LocationLatitude,LocationLongitude,DistributionChannel,UserLanguage,Q1,Q2,Q7,Q3,Q4
Start Date,End Date,Response Type,IP Address,Progress,Duration (in seconds),Finished,Recorded Date,Response ID,Recipient Last Name,Recipient First Name,Recipient Email,External Data Reference,Location Latitude,Location Longitude,Distribution Channel,User Language,Which training module are you evaluating?,Please rate your overall satisfaction with this presentation.,"If were not satisfied with the presentation, please describe why. This will help the study team with future revisions to the curriculum.",What was the most helpful/what did you like about the training?,What recommendations do you have to improve the training
"{""ImportId"":""startDate"",""timeZone"":""America/Denver""}","{""ImportId"":""endDate"",""timeZone"":""America/Denver""}","{""ImportId"":""status""}","{""ImportId"":""ipAddress""}","{""ImportId"":""progress""}","{""ImportId"":""duration""}","{""ImportId"":""finished""}","{""ImportId"":""recordedDate"",""timeZone"":""America/Denver""}","{""ImportId"":""_recordId""}","{""ImportId"":""recipientLastName""}","{""ImportId"":""recipientFirstName""}","{""ImportId"":""recipientEmail""}","{""ImportId"":""externalDataReference""}","{""ImportId"":""locationLatitude""}","{""ImportId"":""locationLongitude""}","{""ImportId"":""distributionChannel""}","{""ImportId"":""userLanguage""}","{""ImportId"":""QID1""}","{""ImportId"":""QID2""}","{""ImportId"":""QID7_TEXT""}","{""ImportId"":""QID3_TEXT""}","{""ImportId"":""QID4_TEXT""}"
3/25/2022 10:01,3/25/2022 10:01,IP Address,184.174.134.134,100,14,TRUE,3/25/2022 10:01,R_27TleO7fQfkK0Yu,,,,,35.1493988,-85.33840179,anonymous,EN,,,,,
3/25/2022 10:05,3/25/2022 10:05,Spam,184.174.134.134,100,5,TRUE,3/25/2022 10:05,R_22FAZcewuL7wGuG,,,,,35.1493988,-85.33840179,anonymous,EN,,,,,
3/30/2022 8:25,3/30/2022 8:25,IP Address,174.212.131.196,100,19,TRUE,3/30/2022 8:25,R_2f0RY9Ei3L9XGAu,,,,,36.15789795,-86.8608017,anonymous,EN,"Introduction to Positive Medicine- Joan Beasley, PhD and Dan Tomasulo, PhD",Highly satisfied,n/a,everything,none at all 
3/30/2022 8:36,3/30/2022 8:37,IP Address,174.212.131.196,100,49,TRUE,3/30/2022 8:37,R_8jHZFmTECNP7LdT,,,,,36.15789795,-86.8608017,anonymous,EN,"Psychiatric Assessment in IDD- Dan Baker, PhD and Jennifer McLaren, MD",Highly satisfied,n/a,everything,none 
3/31/2022 7:54,3/31/2022 7:55,IP Address,216.66.108.218,100,55,TRUE,3/31/2022 7:55,R_2P0gATiK02IKohk,,,,,43.64439392,-72.24549866,qr,EN,"Introduction to Neurodiversity- Melanie Hecker, MPA and Jennifer McLaren, MD",Highly satisfied,,I enjoyed the definitions of neurodiversity and Melanie's description of things to always keep in mind when working with neurodivergent patients. ,
3/31/2022 8:14,3/31/2022 8:14,IP Address,216.66.108.218,100,41,TRUE,3/31/2022 8:14,R_VPSwRuMoNL0jmX7,,,,,43.64439392,-72.24549866,qr,EN,"Culturally Competent Patient Care- Roberto Blanco, MD and Kristal Garcia, LMSW",Satisfied,,The patient experience at the end was very powerful. ,
3/31/2022 8:14,3/31/2022 8:15,IP Address,130.189.175.200,100,46,TRUE,3/31/2022 8:15,R_12xVhtuARcM2Qqx,,,,,43.64439392,-72.24549866,anonymous,EN,"Introduction to Positive Medicine- Joan Beasley, PhD and Dan Tomasulo, PhD",Highly satisfied,,Learning about person vs identity first language,
3/31/2022 8:14,3/31/2022 8:15,IP Address,130.189.175.152,100,50,TRUE,3/31/2022 8:15,R_DB1RTNZxgfnzM2Z,,,,,43.64439392,-72.24549866,qr,EN,"Introduction to Neurodiversity- Melanie Hecker, MPA and Jennifer McLaren, MD",Satisfied,,Clear definitions and reframing ,Fantastic as is 
3/31/2022 8:15,3/31/2022 8:16,IP Address,130.189.175.204,100,33,TRUE,3/31/2022 8:16,R_2zuR2ALZuiL2mSz,,,,,43.64439392,-72.24549866,anonymous,EN,"The Lived Experience Perspective- Melanie Hecker, MPA, Susan Klick, BA, and Beth Grosso, MSW",Highly satisfied,,Personal lived experience,
3/31/2022 8:14,3/31/2022 8:16,IP Address,130.189.154.70,100,77,TRUE,3/31/2022 8:16,R_3O3AfzOaKwJ3zZ8,,,,,43.62379456,-72.13200378,anonymous,EN,"Introduction to Neurodiversity- Melanie Hecker, MPA and Jennifer McLaren, MD",Highly satisfied,,Overview of the topic and reframing in terms of cultural competency,Closed captions at time were a bit inaccurate
3/31/2022 8:15,3/31/2022 8:16,IP Address,130.189.175.200,100,54,TRUE,3/31/2022 8:16,R_9uZ89EsYfwSWeNb,,,,,43.64439392,-72.24549866,anonymous,EN,"Introduction to Neurodiversity- Melanie Hecker, MPA and Jennifer McLaren, MD",Highly satisfied,,"Knowing more about person vs identity first language
",
3/31/2022 8:15,3/31/2022 8:16,IP Address,130.189.175.152,100,83,TRUE,3/31/2022 8:16,R_3MsOVFKtLGUTQdT,,,,,43.64439392,-72.24549866,qr,EN,"Introduction to Neurodiversity- Melanie Hecker, MPA and Jennifer McLaren, MD",Satisfied,,Helpful to hear perspectives from autistic individuals,
3/31/2022 8:14,3/31/2022 8:16,IP Address,130.189.153.169,100,85,TRUE,3/31/2022 8:16,R_2Bbnq1h11QiLzMr,,,,,43.7019043,-72.28269958,anonymous,EN,"Introduction to Neurodiversity- Melanie Hecker, MPA and Jennifer McLaren, MD",Satisfied,,"The perspective of the person with ASD was very helpful, especially the discussion of person-first versus identity first language.",This session may be somewhat condensed.
3/31/2022 8:14,3/31/2022 8:16,IP Address,130.189.175.144,100,99,TRUE,3/31/2022 8:16,R_1DSB4nmI1awyyKM,,,,,43.64439392,-72.24549866,qr,EN,"Introduction to Neurodiversity- Melanie Hecker, MPA and Jennifer McLaren, MD",Highly satisfied,,Cultural competency coming from the perspective of advocates ,Not sure I don’t know much about developmental disabilities 
3/31/2022 8:16,3/31/2022 8:16,IP Address,130.189.175.204,100,25,TRUE,3/31/2022 8:16,R_22F8XWvLRZ9zIpa,,,,,43.64439392,-72.24549866,anonymous,EN,"Culturally Competent Patient Care- Roberto Blanco, MD and Kristal Garcia, LMSW",Highly satisfied,,Sharing a few key questions to use,
3/31/2022 8:16,3/31/2022 8:17,IP Address,130.189.175.200,100,42,TRUE,3/31/2022 8:17,R_3qPzy8i5wqf4hKy,,,,,43.64439392,-72.24549866,anonymous,EN,"Culturally Competent Patient Care- Roberto Blanco, MD and Kristal Garcia, LMSW",Highly satisfied,,I liked the focus on how different cultural backgrounds can shape how one interacts with their community and healthcare system,
3/31/2022 8:16,3/31/2022 8:17,IP Address,130.189.175.152,100,43,TRUE,3/31/2022 8:17,R_1P1ORNTJ2ucp343,,,,,43.64439392,-72.24549866,qr,EN,"Culturally Competent Patient Care- Roberto Blanco, MD and Kristal Garcia, LMSW",Satisfied,,Liked examples of questions and connecting different aspects of cultural competency with IDD diversity ,
3/31/2022 8:16,3/31/2022 8:17,IP Address,130.189.175.152,100,80,TRUE,3/31/2022 8:17,R_2rusKLjJ46iKpag,,,,,43.64439392,-72.24549866,qr,EN,"Culturally Competent Patient Care- Roberto Blanco, MD and Kristal Garcia, LMSW",Satisfied,,Clear definitions ,I would love additional examples of how culturally competent care care be delivered 
3/31/2022 8:16,3/31/2022 8:17,IP Address,130.189.154.70,100,90,TRUE,3/31/2022 8:17,R_24C2O7DYk1CQ8Ey,,,,,43.62379456,-72.13200378,anonymous,EN,"Culturally Competent Patient Care- Roberto Blanco, MD and Kristal Garcia, LMSW",Highly satisfied,,I appreciated the patient advocate perspective ,"Some of the overview of cultural competency was review for me, but this may not be the case for others."
3/31/2022 8:16,3/31/2022 8:18,IP Address,130.189.153.169,100,128,TRUE,3/31/2022 8:18,R_73NrDd17CH6VBaV,,,,,43.7019043,-72.28269958,anonymous,EN,"Culturally Competent Patient Care- Roberto Blanco, MD and Kristal Garcia, LMSW",Satisfied,,"Perspective of the neurodiverse individual was useful. Good argument was made about why cultural competency is particularly important for individuals with IDD, and the identificaiton of specific resources (like the DSM cultural interview)",I think I have heard about data that suggests that IATs are not necessarily effective at causing change in how people act.
3/31/2022 8:17,3/31/2022 8:31,IP Address,130.189.175.200,100,838,TRUE,3/31/2022 8:31,R_vUio9DTiB5PBSJb,,,,,43.64439392,-72.24549866,anonymous,EN,"Systems of Care for People with IDD- Jennifer McLaren, MD and Lisa Plotnick, MD",Highly satisfied,,I liked the focus on integrating a patient's care team to help understand barriers to care access more,
3/31/2022 8:30,3/31/2022 8:31,IP Address,216.66.108.218,100,25,TRUE,3/31/2022 8:31,R_3f4yWICFTtK74NX,,,,,43.64439392,-72.24549866,qr,EN,"Systems of Care for People with IDD- Jennifer McLaren, MD and Lisa Plotnick, MD",Highly satisfied,,Outlining the services available for individuals with IDD was helpful ,
3/31/2022 8:30,3/31/2022 8:31,IP Address,130.189.154.70,100,59,TRUE,3/31/2022 8:31,R_2Todfk6C1jay1sA,,,,,43.62379456,-72.13200378,anonymous,EN,"Systems of Care for People with IDD- Jennifer McLaren, MD and Lisa Plotnick, MD",Highly satisfied,,Good overview of the different services available,
3/31/2022 8:18,3/31/2022 8:31,IP Address,130.189.153.169,100,779,TRUE,3/31/2022 8:31,R_3fCxSUKEnuBI3PY,,,,,43.7019043,-72.28269958,anonymous,EN,"Systems of Care for People with IDD- Jennifer McLaren, MD and Lisa Plotnick, MD",Satisfied,,Understanding the broad array of services that are available to patients.,"If there is a way to make the training specific to the state(s) it is being administered in, to discuss how people go about accessing the services in that state, it could be helpful"
3/31/2022 8:32,3/31/2022 8:33,IP Address,130.189.175.152,100,34,TRUE,3/31/2022 8:33,R_VOpkl00XuNeBJ4J,,,,,43.64439392,-72.24549866,qr,EN,"Systems of Care for People with IDD- Jennifer McLaren, MD and Lisa Plotnick, MD",Satisfied,,Helpful to get a breakdown of different services for a team for IDD patients and families ,
3/31/2022 8:30,3/31/2022 8:33,IP Address,130.189.175.152,100,131,TRUE,3/31/2022 8:33,R_1eVRea8oVObS6py,,,,,43.64439392,-72.24549866,qr,EN,"Systems of Care for People with IDD- Jennifer McLaren, MD and Lisa Plotnick, MD",Somewhat Satisfied,It would be helpful to get a more complete idea of what systems can be accessed and what a typical process of getting services would be ,The definitions and basic frameworks ,
3/31/2022 9:02,3/31/2022 9:03,IP Address,216.66.108.218,100,34,TRUE,3/31/2022 9:03,R_2WZFyF0X9rkK9Oh,,,,,43.64439392,-72.24549866,qr,EN,"Introduction to Positive Medicine- Joan Beasley, PhD and Dan Tomasulo, PhD",Highly satisfied,,Dr. Tomasulo is very passionate and a great teacher ,
3/31/2022 9:03,3/31/2022 9:04,IP Address,130.189.175.152,100,49,TRUE,3/31/2022 9:04,R_u3UZNvJWIozg4ff,,,,,43.64439392,-72.24549866,qr,EN,"Introduction to Positive Medicine- Joan Beasley, PhD and Dan Tomasulo, PhD",Satisfied,,Helpful to see different elements to address strengths in patients ,
3/31/2022 9:02,3/31/2022 9:04,IP Address,130.189.154.70,100,81,TRUE,3/31/2022 9:04,R_PFpxfSFmuBXmucN,,,,,43.62379456,-72.13200378,anonymous,EN,"Introduction to Positive Medicine- Joan Beasley, PhD and Dan Tomasulo, PhD",Highly satisfied,,Great intro to positive medicine and instilling hope in this patient population. Presentation felt motivating and instilled hope in me.,
3/31/2022 9:03,3/31/2022 9:04,IP Address,130.189.175.200,100,56,TRUE,3/31/2022 9:04,R_12moE9Cm67gBCfy,,,,,43.64439392,-72.24549866,anonymous,EN,"Introduction to Positive Medicine- Joan Beasley, PhD and Dan Tomasulo, PhD",Highly satisfied,,I liked the focus on finding strengths in patients to help frame ways that they can continue to utilize those strengths,
3/31/2022 9:12,3/31/2022 9:13,IP Address,130.189.175.200,100,33,TRUE,3/31/2022 9:13,R_3iqcQdDorFbQkT6,,,,,43.64439392,-72.24549866,anonymous,EN,"Fundamentals of Psychopharmacology- Jarrett Barnhill, MD",Highly satisfied,,"The focus on how medications are a tool, not an answer",
3/31/2022 9:06,3/31/2022 9:13,IP Address,216.66.108.218,100,417,TRUE,3/31/2022 9:13,R_3EFGj8A0j7JHfXM,,,,,43.64439392,-72.24549866,qr,EN,"Fundamentals of Psychopharmacology- Jarrett Barnhill, MD",Not Satisfied,"Very broad, somewhat rambly, could be shortened and included as a part of another module ",Good principles ,
3/31/2022 9:06,3/31/2022 9:13,IP Address,130.189.175.152,100,458,TRUE,3/31/2022 9:13,R_2TZTlENts0an26G,,,,,43.64439392,-72.24549866,qr,EN,"Fundamentals of Psychopharmacology- Jarrett Barnhill, MD",Satisfied,,Appreciated there was more of a focus on pharmacology techniques/depreacribing if neccesry as opposed to specific meds ,
3/31/2022 9:36,3/31/2022 9:37,IP Address,130.189.175.200,100,37,TRUE,3/31/2022 9:37,R_UJX6itBS30nkAlX,,,,,43.64439392,-72.24549866,anonymous,EN,"Medical Assessment Considerations- Leslie Rubin, MD",Highly satisfied,,"I liked the focus on the ""whole person"" rather than just on their limitations",
3/31/2022 9:36,3/31/2022 9:37,IP Address,216.66.108.218,100,34,TRUE,3/31/2022 9:37,R_3h53SLpI8jjDjHr,,,,,43.64439392,-72.24549866,qr,EN,"Medical Assessment Considerations- Leslie Rubin, MD",Satisfied,,It was helpful to get the experience from parents of individuals with IDD,
3/31/2022 9:36,3/31/2022 9:38,IP Address,130.189.154.70,100,93,TRUE,3/31/2022 9:38,R_wMlzB8nSs44OdBn,,,,,43.62379456,-72.13200378,anonymous,EN,"Fundamentals of Psychopharmacology- Jarrett Barnhill, MD",Somewhat Satisfied,For me at my current level of training it was largely an overview of things I already know,Interesting perspectives about the role of medication,
3/31/2022 9:37,3/31/2022 9:38,IP Address,174.196.207.251,100,23,TRUE,3/31/2022 9:38,R_1rODaWyrQ4RHl0c,,,,,42.34979248,-71.07649994,qr,EN,"Medical Assessment Considerations- Leslie Rubin, MD",Highly satisfied,,Patient perspectives of what makes a good provider ,
3/31/2022 9:38,3/31/2022 9:39,IP Address,174.196.207.251,100,30,TRUE,3/31/2022 9:39,R_1gzGEXrWTlvPiNS,,,,,42.34979248,-71.07649994,qr,EN,"Fundamentals of Psychopharmacology- Jarrett Barnhill, MD",Satisfied,,I liked general principles but wish there was a bit more specificity ,
3/31/2022 9:38,3/31/2022 9:39,IP Address,130.189.154.70,100,87,TRUE,3/31/2022 9:39,R_2dZ01JRGfml4WLo,,,,,43.62379456,-72.13200378,anonymous,EN,"Medical Assessment Considerations- Leslie Rubin, MD",Satisfied,,Good overview of the different types of medical issues that arise and how they might be missed. Appreciated the views from patient families.,Module was a bit long
3/31/2022 9:37,3/31/2022 9:39,IP Address,130.189.175.200,100,130,TRUE,3/31/2022 9:39,R_3Ra2bXIZOYDqSb9,,,,,43.64439392,-72.24549866,anonymous,EN,"Medical Assessment Considerations- Leslie Rubin, MD",Highly satisfied,n/a,very detailed,n/a
3/31/2022 9:38,3/31/2022 9:40,IP Address,130.189.153.85,100,108,TRUE,3/31/2022 9:40,R_25ubu2XAL8nNXwJ,,,,,43.64439392,-72.24549866,anonymous,EN,"The Lived Experience Perspective- Melanie Hecker, MPA, Susan Klick, BA, and Beth Grosso, MSW",Highly satisfied,,it was straight forward.,
3/31/2022 9:13,3/31/2022 9:45,IP Address,130.189.175.152,100,1908,TRUE,3/31/2022 9:45,R_W11dBO2T12aPRkZ,,,,,43.64439392,-72.24549866,qr,EN,"Medical Assessment Considerations- Leslie Rubin, MD",Satisfied,,Liked going through medical systems and correlations with MH in IDD pts ,
3/31/2022 9:58,3/31/2022 9:59,IP Address,130.189.153.85,100,39,TRUE,3/31/2022 9:59,R_2dyeiDvVt2Ktkj7,,,,,43.64439392,-72.24549866,anonymous,EN,"Introduction to Positive Medicine- Joan Beasley, PhD and Dan Tomasulo, PhD",Highly satisfied,,learned importance of a positive alliance.,
3/31/2022 9:59,3/31/2022 9:59,IP Address,130.189.153.85,100,30,TRUE,3/31/2022 9:59,R_spVsd6ZbLgK1Pax,,,,,43.64439392,-72.24549866,anonymous,EN,"Introduction to Neurodiversity- Melanie Hecker, MPA and Jennifer McLaren, MD",Highly satisfied,,learned about different conditions.,
3/31/2022 10:00,3/31/2022 10:00,IP Address,130.189.153.85,100,21,TRUE,3/31/2022 10:00,R_2OK0wtKRtVXUtzs,,,,,43.64439392,-72.24549866,anonymous,EN,"Culturally Competent Patient Care- Roberto Blanco, MD and Kristal Garcia, LMSW",Highly satisfied,,importance of cultural competence,
3/31/2022 10:00,3/31/2022 10:01,IP Address,130.189.153.85,100,59,TRUE,3/31/2022 10:01,R_3lKS6xnw9wsBO3U,,,,,43.64439392,-72.24549866,anonymous,EN,"Systems of Care for People with IDD- Jennifer McLaren, MD and Lisa Plotnick, MD",Highly satisfied,,a multidisciplinary approach is crucial,
3/31/2022 10:05,3/31/2022 10:05,IP Address,130.189.175.200,100,32,TRUE,3/31/2022 10:05,R_1LjNRHIQneNKCRF,,,,,43.64439392,-72.24549866,anonymous,EN,"The Lived Experience Perspective- Melanie Hecker, MPA, Susan Klick, BA, and Beth Grosso, MSW",Highly satisfied,,I liked each person's own perspective on their interactions with the healthcare system,
3/31/2022 10:05,3/31/2022 10:06,IP Address,130.189.175.152,100,25,TRUE,3/31/2022 10:06,R_1QcSfsejlEZW3ra,,,,,43.64439392,-72.24549866,qr,EN,"The Lived Experience Perspective- Melanie Hecker, MPA, Susan Klick, BA, and Beth Grosso, MSW",Satisfied,,Appreciated concrete recommendations for how to facilitate visits for IDD patients ,
3/31/2022 11:05,3/31/2022 11:06,IP Address,71.235.189.182,100,23,TRUE,3/31/2022 11:06,R_pcry8s7NU3Uv8vD,,,,,43.64480591,-72.29709625,qr,EN,"The Lived Experience Perspective- Melanie Hecker, MPA, Susan Klick, BA, and Beth Grosso, MSW",Highly satisfied,,Really useful info about seeing patients for appointments ,
4/6/2022 5:01,4/6/2022 5:02,IP Address,76.24.253.43,100,74,TRUE,4/6/2022 5:02,R_yTInDTTdS6XRKyR,,,,,43.7019,-72.2827,anonymous,EN,"Fundamentals of Psychopharmacology- Jarrett Barnhill, MD",Somewhat Satisfied,"I foudn the audio recording quality to be inferior to some of the other videos, and it was harder to understand what was said at times.",It is useful to come away with the understanding that pharmacology is basically an adjunctive tool but not the primary treatment to consider,See above
4/6/2022 5:02,4/6/2022 5:22,IP Address,76.24.253.43,100,1178,TRUE,4/6/2022 5:22,R_1CHqNXKUwG6jqxw,,,,,43.7019,-72.2827,anonymous,EN,"Medical Assessment Considerations- Leslie Rubin, MD",Satisfied,,Knowing certain disorders to consider that are more likely in individuals with ASD.,
4/6/2022 5:22,4/6/2022 5:35,IP Address,76.24.253.43,100,764,TRUE,4/6/2022 5:35,R_1QLPFR9o2Odtqbe,,,,,43.7019,-72.2827,anonymous,EN,"The Lived Experience Perspective- Melanie Hecker, MPA, Susan Klick, BA, and Beth Grosso, MSW",Highly satisfied,,There are so many helpful ideas about making the practice environment and experience comfortable for patients with IDD.,
4/6/2022 13:49,4/6/2022 13:53,IP Address,96.92.150.33,100,193,TRUE,4/6/2022 13:53,R_qJTmpLkShlUiv61,,,,,42.8575,-72.594,qr,EN,"Grief and Loss in IDD - Dan Baker, PhD and Katy Stratigos, MD",Highly satisfied,,I really liked the explanation of different kinds of grief and the insight into how loss of a caregiver can lead to multiple losses as well. I had never considered that before. ,
4/7/2022 7:40,4/7/2022 7:41,IP Address,216.66.108.218,100,35,TRUE,4/7/2022 7:41,R_sHZ24Ltn1F1E24h,,,,,43.6444,-72.2455,qr,EN,"Biopsychosocial Assessment Considerations- Melanie Hecker, MPA, Jill Hinton, PhD, and Jennifer McLaren, MD",Highly satisfied,,Both presenters were very clear and explained all of the terminology very eloquently. Great job! ,
4/7/2022 7:40,4/7/2022 7:41,IP Address,130.189.175.144,100,76,TRUE,4/7/2022 7:41,R_3lS0pRPhDKxiFyy,,,,,43.6444,-72.2455,qr,EN,"Biopsychosocial Assessment Considerations- Melanie Hecker, MPA, Jill Hinton, PhD, and Jennifer McLaren, MD",Highly satisfied,,Appreciated going through different medical etiologies as well as discussing risk factors for misdiagnosis and psychological and social factors ,Would be helpful maybe to have patient or family perspective on why this model is helpful 
4/7/2022 7:40,4/7/2022 7:41,IP Address,130.189.175.148,100,33,TRUE,4/7/2022 7:41,R_2D2NzmjJjYlG8ww,,,,,43.6444,-72.2455,qr,EN,"Biopsychosocial Assessment Considerations- Melanie Hecker, MPA, Jill Hinton, PhD, and Jennifer McLaren, MD",Highly satisfied,,Aware of important factors to consider when managing ,
4/7/2022 7:40,4/7/2022 7:41,IP Address,130.189.175.148,100,63,TRUE,4/7/2022 7:41,R_2ZJqG3BwC97Cjad,,,,,43.6444,-72.2455,qr,EN,"Biopsychosocial Assessment Considerations- Melanie Hecker, MPA, Jill Hinton, PhD, and Jennifer McLaren, MD",Satisfied,,"Consideration of rates of trauma in individuals with IDD, relative rates of other mental health conditions, and specific medical conditions to be looking for.",
4/7/2022 7:40,4/7/2022 7:41,IP Address,130.189.175.148,100,67,TRUE,4/7/2022 7:41,R_UnjC0kcRZxVNuyB,,,,,43.6444,-72.2455,qr,EN,"Biopsychosocial Assessment Considerations- Melanie Hecker, MPA, Jill Hinton, PhD, and Jennifer McLaren, MD",Somewhat Satisfied,"The information presented is useful, but it might be helpful to make things more lively, perhaps by introducing real patients and case examples.",Learning about medical conditions that impact psychiatric presentations of IDD,More storytelling of real patients with case studies
4/7/2022 7:41,4/7/2022 7:42,IP Address,130.189.157.5,100,46,TRUE,4/7/2022 7:42,R_1YUO8JEqd6Lq2Zj,,,,,43.6238,-72.132,anonymous,EN,"Biopsychosocial Assessment Considerations- Melanie Hecker, MPA, Jill Hinton, PhD, and Jennifer McLaren, MD",Satisfied,,Appreciated the review of the contributing factors in each category,
4/7/2022 7:42,4/7/2022 7:43,IP Address,130.189.175.200,100,40,TRUE,4/7/2022 7:43,R_1qfvvLiV1UsyeqL,,,,,43.6444,-72.2455,anonymous,EN,"Biopsychosocial Assessment Considerations- Melanie Hecker, MPA, Jill Hinton, PhD, and Jennifer McLaren, MD",Highly satisfied,,I think highlighting trauma for patients with IDD is quite important and could be easily missed during interview.,
4/7/2022 7:40,4/7/2022 7:41,IP Address,130.189.175.148,100,34,TRUE,4/7/2022 7:56,R_2s6d9Gn0r2d9diM,,,,,43.6444,-72.2455,qr,EN,"Depression and Bipolar Disorder- Jenee Lewis-Walker, PhD and Jennifer McLaren, MD",Highly satisfied,,Cultural competency,
4/7/2022 8:05,4/7/2022 8:05,IP Address,130.189.175.148,100,22,TRUE,4/7/2022 8:05,R_C2kegBmocQ3bxM5,,,,,43.6444,-72.2455,qr,EN,"Psychiatric Assessment in IDD- Dan Baker, PhD and Jennifer McLaren, MD",Highly satisfied,,Collateral information ,
4/7/2022 8:05,4/7/2022 8:05,IP Address,130.189.175.144,100,38,TRUE,4/7/2022 8:05,R_2rDij23KeSDvq8M,,,,,43.6444,-72.2455,qr,EN,"Psychiatric Assessment in IDD- Dan Baker, PhD and Jennifer McLaren, MD",Highly satisfied,,Liked the multiple perspectives in between the discussions of how to do a psych assessment in IDD,
4/7/2022 8:05,4/7/2022 8:05,IP Address,130.189.175.148,100,30,TRUE,4/7/2022 8:05,R_3Ed6IFT5qZ8G6i6,,,,,43.6444,-72.2455,qr,EN,"Psychiatric Assessment in IDD- Dan Baker, PhD and Jennifer McLaren, MD",Highly satisfied,,Integrating real patient and family stories,
4/7/2022 8:05,4/7/2022 8:05,IP Address,216.66.108.218,100,39,TRUE,4/7/2022 8:05,R_2YEYCvBXBRCC7Um,,,,,43.6444,-72.2455,qr,EN,"Psychiatric Assessment in IDD- Dan Baker, PhD and Jennifer McLaren, MD",Highly satisfied,,I enjoyed the explanation of the terminology. Dr. McLaren really broke it down and made it clear. ,
4/7/2022 8:05,4/7/2022 8:06,IP Address,130.189.175.148,100,37,TRUE,4/7/2022 8:06,R_5ABrnmAL4Rpqvmh,,,,,43.6444,-72.2455,qr,EN,"Psychiatric Assessment in IDD- Dan Baker, PhD and Jennifer McLaren, MD",Highly satisfied,,Really great ideas for considering complicating factors in diagnosis (the 4 things that Dr. McLaren went over were very useful). ,
4/7/2022 8:05,4/7/2022 8:06,IP Address,130.189.157.5,100,65,TRUE,4/7/2022 8:06,R_1Kx96ZhRW6goxMb,,,,,43.6238,-72.132,anonymous,EN,"Psychiatric Assessment in IDD- Dan Baker, PhD and Jennifer McLaren, MD",Highly satisfied,,"Appreciated overview of the unique issues that can arise, which were well-supported by the patient examples.",
4/7/2022 8:06,4/7/2022 8:06,IP Address,130.189.175.200,100,30,TRUE,4/7/2022 8:06,R_5hIHiFOhG8sXBct,,,,,43.6444,-72.2455,anonymous,EN,"Psychiatric Assessment in IDD- Dan Baker, PhD and Jennifer McLaren, MD",Highly satisfied,,I liked the discussion about how interviewing patients directly is commonly missed but is quite important,
4/7/2022 8:34,4/7/2022 8:35,IP Address,130.189.175.144,100,58,TRUE,4/7/2022 8:35,R_24iqZ42PcV9C3u2,,,,,43.6444,-72.2455,qr,EN,"Trauma and Stressor Related Disorders- Jill Hinton, PhD and Roberto Blanco, MD",Highly satisfied,,Appreciated going through the diagnosis and treatments in a biopsychosocial approach ,Patient perspective may be helpful to showcase impact of trauma informed care 
4/7/2022 8:35,4/7/2022 8:35,IP Address,130.189.175.148,100,37,TRUE,4/7/2022 8:35,R_1IRCSwX7vBLrV7e,,,,,43.6444,-72.2455,qr,EN,"Trauma and Stressor Related Disorders- Jill Hinton, PhD and Roberto Blanco, MD",Satisfied,,The treatment information presented was clear and actionable,
4/7/2022 8:35,4/7/2022 8:36,IP Address,130.189.175.148,100,28,TRUE,4/7/2022 8:36,R_1KdoyVDDGEdmLrE,,,,,43.6444,-72.2455,qr,EN,"Trauma and Stressor Related Disorders- Jill Hinton, PhD and Roberto Blanco, MD",Satisfied,,Specific ways in which PTSD symptoms might present differently with individuals with IDD.,
4/7/2022 8:35,4/7/2022 8:36,IP Address,130.189.157.5,100,63,TRUE,4/7/2022 8:36,R_PYGqS9bpqqFAssp,,,,,43.6238,-72.132,anonymous,EN,"Trauma and Stressor Related Disorders- Jill Hinton, PhD and Roberto Blanco, MD",Satisfied,,Appreciate the recognition that research of meds is mainly in neurotypical individuals.,Second half was a little more stilted in presentation
4/7/2022 8:35,4/7/2022 8:36,IP Address,216.66.108.218,100,55,TRUE,4/7/2022 8:36,R_2QAm65DhLM5vzy5,,,,,43.6444,-72.2455,qr,EN,"Trauma and Stressor Related Disorders- Jill Hinton, PhD and Roberto Blanco, MD",Somewhat Satisfied,"For me, this was a lot of review of things I already knew which I didn't find as helpful. ",Statistics about trauma in IDD,
4/7/2022 8:35,4/7/2022 8:36,IP Address,130.189.175.200,100,45,TRUE,4/7/2022 8:36,R_OIibbBxOpBb2HiV,,,,,43.6444,-72.2455,anonymous,EN,"Trauma and Stressor Related Disorders- Jill Hinton, PhD and Roberto Blanco, MD",Highly satisfied,,I liked how utilizing therapy was emphasized in this video,
4/7/2022 8:36,4/7/2022 8:36,IP Address,130.189.175.148,100,32,TRUE,4/7/2022 8:36,R_1GK2t974TtoTm83,,,,,43.6444,-72.2455,qr,EN,"Trauma and Stressor Related Disorders- Jill Hinton, PhD and Roberto Blanco, MD",Highly satisfied,,Don’t try to process trauma when there are big changes ,
4/7/2022 8:52,4/7/2022 8:53,IP Address,216.66.108.218,100,51,TRUE,4/7/2022 8:53,R_2SBsDu5fc4aoGam,,,,,43.6444,-72.2455,qr,EN,"Anxiety Disorders- John Diamond, MD and Karen Weigle, PhD",Somewhat Satisfied,The pharmacology part didn't seem any different than what we already know for CAP patients ,I enjoyed learning about how anxiety presents differently in people with IDD,
4/7/2022 8:52,4/7/2022 8:53,IP Address,130.189.175.144,100,58,TRUE,4/7/2022 8:53,R_1GhuOB6yFf45Kud,,,,,43.6444,-72.2455,qr,EN,"Anxiety Disorders- John Diamond, MD and Karen Weigle, PhD",Highly satisfied,,Appreciated discussion of medical versus psychiatric with anxiety diagnosis and treatment ,
4/7/2022 8:52,4/7/2022 8:53,IP Address,130.189.157.5,100,83,TRUE,4/7/2022 8:53,R_2uzAm4CTFUGxnjP,,,,,43.6238,-72.132,anonymous,EN,"Anxiety Disorders- John Diamond, MD and Karen Weigle, PhD",Satisfied,,I found the specific discussion about the uniqueness of anxiety in IDD most helpful in both sections,The non-IDD portion was mostly review at my current level of training.
4/7/2022 8:52,4/7/2022 8:53,IP Address,130.189.175.200,100,69,TRUE,4/7/2022 8:53,R_3jeP4ObXNmXfTwl,,,,,43.6444,-72.2455,anonymous,EN,"Anxiety Disorders- John Diamond, MD and Karen Weigle, PhD",Highly satisfied,,"I liked how each of the medication classes were compared and contrasted, focusing on how there can be a variety of potentially helpful options",
4/7/2022 8:52,4/7/2022 8:54,IP Address,130.189.175.148,100,97,TRUE,4/7/2022 8:54,R_87favjMVlshxNHb,,,,,43.6444,-72.2455,qr,EN,"Anxiety Disorders- John Diamond, MD and Karen Weigle, PhD",Somewhat Satisfied,Presentation was heavy on information but could have used more patient cases. The medication information is also basic and repetitive relative to our training level of residency,learning how anxiety presents in IDD was interesting,
4/7/2022 9:11,4/7/2022 9:11,IP Address,216.66.108.218,100,23,TRUE,4/7/2022 9:11,R_2cC0TpoZHT5nksa,,,,,43.6444,-72.2455,qr,EN,"Obsessive Compulsive and Related Disorders- Jill Hinton, PhD and Michael Cummings, MD",Satisfied,,Clear descriptions of presentation ,
4/7/2022 9:11,4/7/2022 9:11,IP Address,130.189.175.148,100,26,TRUE,4/7/2022 9:11,R_2TXaMQnRn8G9QuI,,,,,43.6444,-72.2455,qr,EN,"Obsessive Compulsive and Related Disorders- Jill Hinton, PhD and Michael Cummings, MD",Satisfied,,Distinguishing ASD from OCD,
4/7/2022 9:11,4/7/2022 9:12,IP Address,130.189.175.144,100,56,TRUE,4/7/2022 9:12,R_DibAH6FnKUQpqHT,,,,,43.6444,-72.2455,qr,EN,"Obsessive Compulsive and Related Disorders- Jill Hinton, PhD and Michael Cummings, MD",Satisfied,Would like to have more information with how to work on ocd diagnosis with nonverbal patients ,Appreciated discusions of non pharmacological and pharmacological treatments for ocd ,
4/7/2022 9:11,4/7/2022 9:12,IP Address,130.189.175.148,100,24,TRUE,4/7/2022 9:12,R_1g5g7Rd4NEmF9uN,,,,,43.6444,-72.2455,qr,EN,"Obsessive Compulsive and Related Disorders- Jill Hinton, PhD and Michael Cummings, MD",Highly satisfied,,Look for mania ,
4/7/2022 9:11,4/7/2022 9:12,IP Address,130.189.157.5,100,56,TRUE,4/7/2022 9:12,R_1rfDoSn7QMMmBBz,,,,,43.6238,-72.132,anonymous,EN,"Obsessive Compulsive and Related Disorders- Jill Hinton, PhD and Michael Cummings, MD",Highly satisfied,,Did a good job of pointing out the unique features of OCD in individuals with IDD and some of the pharmacologic issues that might arise. Appreciated the differentiation with ASD and also the discussion of Down Syndrome,
4/7/2022 9:27,4/7/2022 9:28,IP Address,130.189.175.200,100,61,TRUE,4/7/2022 9:28,R_dbCijGTLaAPKyA1,,,,,43.6444,-72.2455,anonymous,EN,"Obsessive Compulsive and Related Disorders- Jill Hinton, PhD and Michael Cummings, MD",Highly satisfied,,"Focusing on how obsessions can found in a variety of dx, no just OCD",
4/7/2022 9:34,4/7/2022 9:34,IP Address,130.189.175.148,100,25,TRUE,4/7/2022 9:34,R_tKa8hetYrB0sHHH,,,,,43.6444,-72.2455,qr,EN,"Schizophrenia and Other Psychotic Disorders- Joan Beasley, PhD and Jennifer McLaren, MD",Highly satisfied,,Distinguishing other causes of psychotic symptoms in IDD,
4/7/2022 9:33,4/7/2022 9:34,IP Address,130.189.175.144,100,49,TRUE,4/7/2022 9:34,R_1F3Zr3e6XRP9hVG,,,,,43.6444,-72.2455,qr,EN,"Schizophrenia and Other Psychotic Disorders- Joan Beasley, PhD and Jennifer McLaren, MD",Highly satisfied,,Appreciated discussion on pseudo psychosis symptoms ,
4/7/2022 9:33,4/7/2022 9:34,IP Address,130.189.175.200,100,63,TRUE,4/7/2022 9:34,R_1OIRPihY7JlHr8G,,,,,43.6444,-72.2455,anonymous,EN,"Schizophrenia and Other Psychotic Disorders- Joan Beasley, PhD and Jennifer McLaren, MD",Highly satisfied,,"I liked the discussion about how some symptoms may appear psychotic in nature, but would be WNL if explored further (like monologue)",
4/7/2022 9:34,4/7/2022 9:35,IP Address,216.66.108.218,100,49,TRUE,4/7/2022 9:35,R_2QXuNBRMt68khzK,,,,,43.6444,-72.2455,qr,EN,"Schizophrenia and Other Psychotic Disorders- Joan Beasley, PhD and Jennifer McLaren, MD",Highly satisfied,,I liked the description of pseudopsychotic symptoms. That was very helpful. The presentation of psychotic symptoms was very helpful too. ,
4/7/2022 9:34,4/7/2022 9:36,IP Address,130.189.157.5,100,161,TRUE,4/7/2022 9:36,R_3OjBLNjktQhKN1b,,,,,43.6238,-72.132,anonymous,EN,"Schizophrenia and Other Psychotic Disorders- Joan Beasley, PhD and Jennifer McLaren, MD",Highly satisfied,,Overall well-presented and largely focused on the unique presentation of psychosis in IDD. Appreciated the discussion of pseudopsychotic symptoms,"Consider discussing catatonia, which can commonly be missed in individuals with IDD. May also appreciate some discussion of ECT in individuals with IDD. Not sure which section this would be in."
4/7/2022 9:53,4/7/2022 9:54,IP Address,130.189.175.144,100,37,TRUE,4/7/2022 9:54,R_31apuS8dAWxCGQd,,,,,43.6444,-72.2455,qr,EN,"Depression and Bipolar Disorder- Jenee Lewis-Walker, PhD and Jennifer McLaren, MD",Highly satisfied,,Appreciated discussion with steps of pharmacology treatment for mania in IDD,
4/7/2022 9:54,4/7/2022 9:54,IP Address,216.66.108.218,100,29,TRUE,4/7/2022 9:54,R_3lAlhC46t8ww2pf,,,,,43.6444,-72.2455,qr,EN,"Depression and Bipolar Disorder- Jenee Lewis-Walker, PhD and Jennifer McLaren, MD",Satisfied,,Great job! ,
4/7/2022 9:54,4/7/2022 9:54,IP Address,130.189.175.148,100,40,TRUE,4/7/2022 9:54,R_1CjvCWuzsWbXsr8,,,,,43.6444,-72.2455,qr,EN,"Depression and Bipolar Disorder- Jenee Lewis-Walker, PhD and Jennifer McLaren, MD",Highly satisfied,,Treatment algorithms for patients with mood disorder,
4/7/2022 9:54,4/7/2022 9:55,IP Address,130.189.157.5,100,48,TRUE,4/7/2022 9:55,R_21EQFhLVLWeeHT7,,,,,43.6238,-72.132,anonymous,EN,"Depression and Bipolar Disorder- Jenee Lewis-Walker, PhD and Jennifer McLaren, MD",Highly satisfied,,Appreciated discussion about how symptom presentation may be unique in IDD,
4/7/2022 9:54,4/7/2022 9:55,IP Address,130.189.175.200,100,86,TRUE,4/7/2022 9:55,R_2atXkzBUhLcFCp3,,,,,43.6444,-72.2455,anonymous,EN,"Depression and Bipolar Disorder- Jenee Lewis-Walker, PhD and Jennifer McLaren, MD",Highly satisfied,,I enjoyed the focus on how symptoms of MDD can be different in the context of IDD as well as the focus on establishing a behavioral baseline,
8/4/2022 7:36,8/4/2022 7:36,IP Address,130.189.175.144,100,26,TRUE,8/4/2022 7:36,R_1jwhUkMlCxFc9eM,,,,,43.6444,-72.2455,qr,EN,"Introduction to Neurodiversity- Melanie Hecker, MPA and Jennifer McLaren, MD",Satisfied,,Nomenclature ,
8/4/2022 7:35,8/4/2022 7:36,IP Address,130.189.175.144,100,32,TRUE,8/4/2022 7:36,R_10N2BfUUcVUb5KJ,,,,,43.6444,-72.2455,qr,EN,"Introduction to Neurodiversity- Melanie Hecker, MPA and Jennifer McLaren, MD",Satisfied,,"Clear language, good overview",
8/4/2022 7:35,8/4/2022 7:36,IP Address,130.189.175.148,100,33,TRUE,8/4/2022 7:36,R_3MaE3sRXDNhxf0y,,,,,43.6444,-72.2455,qr,EN,"Introduction to Neurodiversity- Melanie Hecker, MPA and Jennifer McLaren, MD",Satisfied,,Inclusive ,
8/4/2022 7:35,8/4/2022 7:36,IP Address,130.189.175.144,100,42,TRUE,8/4/2022 7:36,R_1DNJtNmbF7mPThu,,,,,43.6444,-72.2455,qr,EN,"Introduction to Neurodiversity- Melanie Hecker, MPA and Jennifer McLaren, MD",Highly satisfied,,Bringing in the reminder to be sensitive and the importance of warmth and empathy in our practice ,None 
8/4/2022 7:35,8/4/2022 7:36,IP Address,130.189.175.152,100,42,TRUE,8/4/2022 7:36,R_1IoVrDGXS2TAlpk,,,,,43.6444,-72.2455,qr,EN,"Introduction to Neurodiversity- Melanie Hecker, MPA and Jennifer McLaren, MD",Highly satisfied,,Very informative ,
8/4/2022 7:35,8/4/2022 7:36,IP Address,130.189.175.152,100,43,TRUE,8/4/2022 7:36,R_7OnU9lIAJShD8RP,,,,,43.6444,-72.2455,qr,EN,"Introduction to Neurodiversity- Melanie Hecker, MPA and Jennifer McLaren, MD",Satisfied,,It was very simple - on my level ,Maybe a classic case example 
8/4/2022 7:36,8/4/2022 7:36,IP Address,216.66.108.218,100,35,TRUE,8/4/2022 7:36,R_2aklmtuo3HVBB5B,,,,,43.6444,-72.2455,qr,EN,"Introduction to Neurodiversity- Melanie Hecker, MPA and Jennifer McLaren, MD",Satisfied,"Clearly reading from scripts, poor lighting at times.",Information,
8/4/2022 7:36,8/4/2022 7:37,IP Address,130.189.175.204,100,83,TRUE,8/4/2022 7:37,R_3PQXnN0J7L9ETxB,,,,,43.6444,-72.2455,anonymous,EN,"Introduction to Neurodiversity- Melanie Hecker, MPA and Jennifer McLaren, MD",Satisfied,,good information. ,perhaps provide more examples of behaviors of interest. there may be a need for nuance in the discussion of caregiver wants balanced with patient wants. 
8/4/2022 7:36,8/4/2022 7:37,IP Address,130.189.175.148,100,102,TRUE,8/4/2022 7:37,R_2Vpy11Wc8i8XhuX,,,,,43.6444,-72.2455,qr,EN,"Introduction to Neurodiversity- Melanie Hecker, MPA and Jennifer McLaren, MD",Highly satisfied,N/a,"Descriptions of definitions, as well as common signs ",N/a
8/4/2022 7:59,8/4/2022 7:59,IP Address,130.189.175.144,100,23,TRUE,8/4/2022 7:59,R_2SlbOZTWuOLHQBW,,,,,43.6444,-72.2455,qr,EN,"Culturally Competent Patient Care- Roberto Blanco, MD and Kristal Garcia, LMSW",Satisfied,,Intersectionality,
8/4/2022 7:59,8/4/2022 7:59,IP Address,130.189.157.41,100,15,TRUE,8/4/2022 7:59,R_2CjORYv98kCVXDs,,,,,43.6722,-72.3813,anonymous,EN,"Culturally Competent Patient Care- Roberto Blanco, MD and Kristal Garcia, LMSW",Satisfied,,n/a,
8/4/2022 7:59,8/4/2022 8:00,IP Address,130.189.175.148,100,22,TRUE,8/4/2022 8:00,R_3qNGZh5gQIBmPAI,,,,,43.6444,-72.2455,qr,EN,"Culturally Competent Patient Care- Roberto Blanco, MD and Kristal Garcia, LMSW",Highly satisfied,,Real pt perspective ,
8/4/2022 7:59,8/4/2022 8:00,IP Address,130.189.175.144,100,25,TRUE,8/4/2022 8:00,R_paY7SkP33HjJUFb,,,,,43.6444,-72.2455,qr,EN,"Culturally Competent Patient Care- Roberto Blanco, MD and Kristal Garcia, LMSW",Satisfied,,Personal stories ,
8/4/2022 7:59,8/4/2022 8:00,IP Address,216.66.108.218,100,34,TRUE,8/4/2022 8:00,R_RyushkPv8JQzwsN,,,,,43.6444,-72.2455,qr,EN,"Culturally Competent Patient Care- Roberto Blanco, MD and Kristal Garcia, LMSW",Somewhat Satisfied,,Format,Better audio for advocacy part at the end
8/4/2022 7:59,8/4/2022 8:00,IP Address,130.189.175.144,100,37,TRUE,8/4/2022 8:00,R_339IVckD1BTCj6A,,,,,43.6444,-72.2455,qr,EN,"Culturally Competent Patient Care- Roberto Blanco, MD and Kristal Garcia, LMSW",Highly satisfied,,The self advocate gave great insight into the patient perspective of how they view their providers. ,None at this time. 
8/4/2022 7:59,8/4/2022 8:00,IP Address,130.189.175.204,100,19,TRUE,8/4/2022 8:00,R_2TZC6vB0Qyww7Er,,,,,43.6444,-72.2455,anonymous,EN,"Culturally Competent Patient Care- Roberto Blanco, MD and Kristal Garcia, LMSW",Satisfied,,cultural competency,its good. 
8/4/2022 7:59,8/4/2022 8:00,IP Address,130.189.175.148,100,44,TRUE,8/4/2022 8:00,R_3MDwzElSoaiQve3,,,,,43.6444,-72.2455,qr,EN,"Culturally Competent Patient Care- Roberto Blanco, MD and Kristal Garcia, LMSW",Satisfied,,Inclusive ,
8/4/2022 7:59,8/4/2022 8:00,IP Address,130.189.175.152,100,61,TRUE,8/4/2022 8:00,R_3MMBIZOveg5eJ0Q,,,,,43.6444,-72.2455,qr,EN,"Culturally Competent Patient Care- Roberto Blanco, MD and Kristal Garcia, LMSW",Highly satisfied,,"People's lived experiences, non judgemental attitude ",None
8/4/2022 8:21,8/4/2022 8:22,IP Address,130.189.175.144,100,16,TRUE,8/4/2022 8:22,R_2eQCfQtPUnGORNj,,,,,43.6444,-72.2455,qr,EN,"Systems of Care for People with IDD- Jennifer McLaren, MD and Lisa Plotnick, MD",Satisfied,,Personal stories ,
8/4/2022 8:21,8/4/2022 8:22,IP Address,130.189.175.148,100,22,TRUE,8/4/2022 8:22,R_1dMPbOOcZXsUEnF,,,,,43.6444,-72.2455,qr,EN,"Systems of Care for People with IDD- Jennifer McLaren, MD and Lisa Plotnick, MD",Satisfied,,Informative ,
8/4/2022 8:21,8/4/2022 8:22,IP Address,130.189.175.148,100,28,TRUE,8/4/2022 8:22,R_30bYJ4DxYHym5yy,,,,,43.6444,-72.2455,qr,EN,"Systems of Care for People with IDD- Jennifer McLaren, MD and Lisa Plotnick, MD",Highly satisfied,,Patient and family perspective ,
8/4/2022 8:21,8/4/2022 8:22,IP Address,216.66.108.218,100,23,TRUE,8/4/2022 8:22,R_2xPoVoAeuJzlQUg,,,,,43.6444,-72.2455,qr,EN,"Systems of Care for People with IDD- Jennifer McLaren, MD and Lisa Plotnick, MD",Somewhat Satisfied,. ,Speakers,None
8/4/2022 8:22,8/4/2022 8:22,IP Address,130.189.175.152,100,19,TRUE,8/4/2022 8:22,R_2Ylg2pNjnuTm9y7,,,,,43.6444,-72.2455,qr,EN,"Systems of Care for People with IDD- Jennifer McLaren, MD and Lisa Plotnick, MD",Satisfied,,Lived experience ,
8/4/2022 8:22,8/4/2022 8:22,IP Address,130.189.175.204,100,20,TRUE,8/4/2022 8:22,R_3q9YCTsAv6Of9Ru,,,,,43.6444,-72.2455,anonymous,EN,"Systems of Care for People with IDD- Jennifer McLaren, MD and Lisa Plotnick, MD",Satisfied,,good overview of systems of care,none
8/4/2022 8:21,8/4/2022 8:22,IP Address,130.189.175.144,100,48,TRUE,8/4/2022 8:22,R_phk4cgW9bhM65z3,,,,,43.6444,-72.2455,qr,EN,"Systems of Care for People with IDD- Jennifer McLaren, MD and Lisa Plotnick, MD",Satisfied,,Family perspective,Role of clinician vs sw 
8/4/2022 8:21,8/4/2022 8:23,IP Address,130.189.175.144,100,85,TRUE,8/4/2022 8:23,R_2zT708xJoHapvR2,,,,,43.6444,-72.2455,qr,EN,"Systems of Care for People with IDD- Jennifer McLaren, MD and Lisa Plotnick, MD",Satisfied,,Helping better understand the system of care for IDD seems crucial and appreciated ,Finding ways in general to have the person watching interact with the material being presented 
8/4/2022 8:21,8/4/2022 8:23,IP Address,130.189.175.152,100,89,TRUE,8/4/2022 8:23,R_2zGARqpCsgkbfkD,,,,,43.6444,-72.2455,qr,EN,"Systems of Care for People with IDD- Jennifer McLaren, MD and Lisa Plotnick, MD",Satisfied,,Informative,It would be helpful to focus more on the experiences of people with IDD
8/4/2022 8:45,8/4/2022 8:45,IP Address,130.189.175.148,100,16,TRUE,8/4/2022 8:45,R_2dG44UuF2qZdDCP,,,,,43.6444,-72.2455,qr,EN,"Introduction to Positive Medicine- Joan Beasley, PhD and Dan Tomasulo, PhD",Satisfied,,Love ACIM,
8/4/2022 8:45,8/4/2022 8:45,IP Address,130.189.175.152,100,28,TRUE,8/4/2022 8:45,R_1ITcRsFhmfRyCkp,,,,,43.6444,-72.2455,qr,EN,"Introduction to Positive Medicine- Joan Beasley, PhD and Dan Tomasulo, PhD",Highly satisfied,,"Funny, interactive",None
8/4/2022 8:45,8/4/2022 8:45,IP Address,216.66.108.218,100,30,TRUE,8/4/2022 8:45,R_D03ypas3Lr0lqZr,,,,,43.6444,-72.2455,qr,EN,"Introduction to Positive Medicine- Joan Beasley, PhD and Dan Tomasulo, PhD",Highly satisfied,,Best speaker ,Abrupt ending to the patient advocate 
8/4/2022 8:22,8/4/2022 8:45,IP Address,130.189.175.204,100,1391,TRUE,8/4/2022 8:45,R_SK0mPXo6gp4Ldf3,,,,,43.6444,-72.2455,anonymous,EN,"Introduction to Positive Medicine- Joan Beasley, PhD and Dan Tomasulo, PhD",Satisfied,,positive psychology,none
8/4/2022 8:45,8/4/2022 8:45,IP Address,130.189.175.144,100,35,TRUE,8/4/2022 8:45,R_1puuYajmJB1P7VN,,,,,43.6444,-72.2455,qr,EN,"Introduction to Positive Medicine- Joan Beasley, PhD and Dan Tomasulo, PhD",Highly satisfied,,Dr Tamusulo’s exercise was poignant and excellent ,
8/4/2022 8:45,8/4/2022 8:45,IP Address,130.189.175.152,100,39,TRUE,8/4/2022 8:45,R_qx8NoNrVsFl32wx,,,,,43.6444,-72.2455,qr,EN,"Introduction to Positive Medicine- Joan Beasley, PhD and Dan Tomasulo, PhD",Satisfied,,Dan,
8/4/2022 8:45,8/4/2022 8:46,IP Address,130.189.175.144,100,37,TRUE,8/4/2022 8:46,R_O2qctn41KOgz5w5,,,,,43.6444,-72.2455,qr,EN,"Introduction to Positive Medicine- Joan Beasley, PhD and Dan Tomasulo, PhD",Satisfied,,Dr tom ,
8/4/2022 8:45,8/4/2022 8:46,IP Address,130.189.175.144,100,52,TRUE,8/4/2022 8:46,R_ZDAobnhyrLD94qt,,,,,43.6444,-72.2455,qr,EN,"Introduction to Positive Medicine- Joan Beasley, PhD and Dan Tomasulo, PhD",Satisfied,,"Personal experiences, engaging ",
8/4/2022 8:45,8/4/2022 8:47,IP Address,130.189.175.148,100,97,TRUE,8/4/2022 8:47,R_12JxKJgGzm8kMOc,,,,,43.6444,-72.2455,qr,EN,"Introduction to Positive Medicine- Joan Beasley, PhD and Dan Tomasulo, PhD",Highly satisfied,,Positive presentation and validation that positive framing matters,
8/4/2022 8:46,8/4/2022 9:11,IP Address,130.189.175.204,100,1518,TRUE,8/4/2022 9:11,R_3en3TAu0u0XZr8Q,,,,,43.6444,-72.2455,anonymous,EN,"Medical Assessment Considerations- Leslie Rubin, MD",Satisfied,,recognizing challenges of assessment,none
8/4/2022 9:11,8/4/2022 9:11,IP Address,130.189.175.152,100,25,TRUE,8/4/2022 9:11,R_bCtfsalD6n5wcsp,,,,,43.6444,-72.2455,qr,EN,"Medical Assessment Considerations- Leslie Rubin, MD",Satisfied,,Ethan’s mom rocks ,
8/4/2022 9:10,8/4/2022 9:11,IP Address,216.66.108.218,100,32,TRUE,8/4/2022 9:11,R_USCeJU02UOgacRb,,,,,43.6444,-72.2455,qr,EN,"Medical Assessment Considerations- Leslie Rubin, MD",Satisfied,,The POC mother talking about her son and reading a script ,
8/4/2022 9:11,8/4/2022 9:11,IP Address,130.189.175.152,100,37,TRUE,8/4/2022 9:11,R_1MTeJjmx04WUBxs,,,,,43.6444,-72.2455,qr,EN,"Medical Assessment Considerations- Leslie Rubin, MD",Highly satisfied,,People's experiences with tye health care system ,None
8/4/2022 9:11,8/4/2022 9:11,IP Address,130.189.175.144,100,43,TRUE,8/4/2022 9:11,R_1dz6y2bj6Wguq4A,,,,,43.6444,-72.2455,qr,EN,"Medical Assessment Considerations- Leslie Rubin, MD",Highly satisfied,,Concrete examples,
8/4/2022 9:11,8/4/2022 9:11,IP Address,130.189.175.144,100,49,TRUE,8/4/2022 9:11,R_2scdjrHRNaKpex2,,,,,43.6444,-72.2455,qr,EN,"Medical Assessment Considerations- Leslie Rubin, MD",Highly satisfied,,Again the parent advocates seem to provide great insight my favorite part of each video so far. ,
8/4/2022 9:11,8/4/2022 9:12,IP Address,130.189.175.144,100,63,TRUE,8/4/2022 9:12,R_vSmudPYPrsDjWkF,,,,,43.6444,-72.2455,qr,EN,"Medical Assessment Considerations- Leslie Rubin, MD",Satisfied,,Good medical info,Audio improvement
8/4/2022 9:10,8/4/2022 9:12,IP Address,130.189.175.148,100,95,TRUE,8/4/2022 9:12,R_2VQNxl48GiMi8io,,,,,43.6444,-72.2455,qr,EN,"Medical Assessment Considerations- Leslie Rubin, MD",Somewhat Satisfied,,Good patient perspective ,
8/4/2022 9:11,8/4/2022 9:13,IP Address,130.189.175.148,100,116,TRUE,8/4/2022 9:13,R_2wB3BQOsig2xgCL,,,,,43.6444,-72.2455,qr,EN,"Medical Assessment Considerations- Leslie Rubin, MD",Not Satisfied,"Uncomfortable with positive portrayal of homeopathy, as well as with blanket use of “mental health” as a diagnosis. ",Patient family input,
8/4/2022 9:39,8/4/2022 9:40,IP Address,216.66.108.218,100,24,TRUE,8/4/2022 9:40,R_sBvXUB4Y1slJ7Ed,,,,,43.6444,-72.2455,qr,EN,"The Lived Experience Perspective- Melanie Hecker, MPA, Susan Klick, BA, and Beth Grosso, MSW",Satisfied,,Environmental ideas,
8/4/2022 9:39,8/4/2022 9:40,IP Address,130.189.175.152,100,24,TRUE,8/4/2022 9:40,R_1fcGUvkRcGF335F,,,,,43.6444,-72.2455,qr,EN,"The Lived Experience Perspective- Melanie Hecker, MPA, Susan Klick, BA, and Beth Grosso, MSW",Satisfied,,Format,
8/4/2022 9:39,8/4/2022 9:40,IP Address,130.189.175.148,100,23,TRUE,8/4/2022 9:40,R_vk0Pl5t5hdRWCSR,,,,,43.6444,-72.2455,qr,EN,"The Lived Experience Perspective- Melanie Hecker, MPA, Susan Klick, BA, and Beth Grosso, MSW",Satisfied,,"Waiting room tips was great, never seen this addressed before",
8/4/2022 9:39,8/4/2022 9:40,IP Address,130.189.175.144,100,34,TRUE,8/4/2022 9:40,R_1kOnmuUozzUomfW,,,,,43.6444,-72.2455,qr,EN,"The Lived Experience Perspective- Melanie Hecker, MPA, Susan Klick, BA, and Beth Grosso, MSW",Highly satisfied,,The practical advice on crafting a better experience for patients was helpful ,
8/4/2022 9:39,8/4/2022 9:40,IP Address,130.189.175.144,100,30,TRUE,8/4/2022 9:40,R_3G9wSNaFeSabG2A,,,,,43.6444,-72.2455,qr,EN,"The Lived Experience Perspective- Melanie Hecker, MPA, Susan Klick, BA, and Beth Grosso, MSW",Satisfied,,Practical solutions/approaches,
8/4/2022 9:39,8/4/2022 9:40,IP Address,130.189.175.152,100,30,TRUE,8/4/2022 9:40,R_1nVlD2XO8dQo0Da,,,,,43.6444,-72.2455,qr,EN,"The Lived Experience Perspective- Melanie Hecker, MPA, Susan Klick, BA, and Beth Grosso, MSW",Highly satisfied,,Very informative ,None
8/4/2022 9:39,8/4/2022 9:40,IP Address,130.189.175.144,100,32,TRUE,8/4/2022 9:40,R_1pAm1WxIPjjoK0D,,,,,43.6444,-72.2455,qr,EN,"The Lived Experience Perspective- Melanie Hecker, MPA, Susan Klick, BA, and Beth Grosso, MSW",Satisfied,,Pt perspective,
8/4/2022 9:22,8/4/2022 9:40,IP Address,130.189.175.204,100,1101,TRUE,8/4/2022 9:40,R_2EuD8ctbghRkiO9,,,,,43.6444,-72.2455,anonymous,EN,"The Lived Experience Perspective- Melanie Hecker, MPA, Susan Klick, BA, and Beth Grosso, MSW",Satisfied,,hearing from self advocates,There could be more discussion/consideration of how these strategies could be practically applied in a time limited healthcare visit. 
8/4/2022 9:41,8/4/2022 9:41,IP Address,130.189.175.148,100,21,TRUE,8/4/2022 9:41,R_ueJKlwC9UChXQrL,,,,,43.6444,-72.2455,qr,EN,"The Lived Experience Perspective- Melanie Hecker, MPA, Susan Klick, BA, and Beth Grosso, MSW",Satisfied,,Important perspective ,
8/4/2022 10:04,8/4/2022 10:04,IP Address,130.189.175.148,100,30,TRUE,8/4/2022 10:04,R_SNuWzeSfMxPiTUl,,,,,43.6444,-72.2455,qr,EN,"Biopsychosocial Assessment Considerations- Melanie Hecker, MPA, Jill Hinton, PhD, and Jennifer McLaren, MD",Highly satisfied,,Discussion of culture and IDD,
8/4/2022 9:40,8/4/2022 10:07,IP Address,130.189.175.204,100,1588,TRUE,8/4/2022 10:07,R_1gNJiNAAsPudBp6,,,,,43.6444,-72.2455,anonymous,EN,"Biopsychosocial Assessment Considerations- Melanie Hecker, MPA, Jill Hinton, PhD, and Jennifer McLaren, MD",Satisfied,,considering complex formulations,it is a bit long
8/4/2022 10:07,8/4/2022 10:07,IP Address,130.189.175.152,100,19,TRUE,8/4/2022 10:07,R_1rfs3zwpXoXKnx7,,,,,43.6444,-72.2455,qr,EN,"Biopsychosocial Assessment Considerations- Melanie Hecker, MPA, Jill Hinton, PhD, and Jennifer McLaren, MD",Satisfied,,Good presentation ,
8/4/2022 10:05,8/4/2022 10:07,IP Address,130.189.175.144,100,140,TRUE,8/4/2022 10:07,R_22J6TNaK0Z5KG2O,,,,,43.6444,-72.2455,qr,EN,"Biopsychosocial Assessment Considerations- Melanie Hecker, MPA, Jill Hinton, PhD, and Jennifer McLaren, MD",Satisfied,,Good overview ,
8/4/2022 10:04,8/4/2022 10:07,IP Address,130.189.175.144,100,195,TRUE,8/4/2022 10:07,R_1jjJCawj9xbpGM8,,,,,43.6444,-72.2455,qr,EN,"Culturally Competent Patient Care- Roberto Blanco, MD and Kristal Garcia, LMSW",Satisfied,,Important concept,
8/4/2022 10:07,8/4/2022 10:07,IP Address,130.189.175.148,100,31,TRUE,8/4/2022 10:07,R_DucCUkLrV41YdVf,,,,,43.6444,-72.2455,qr,EN,"Biopsychosocial Assessment Considerations- Melanie Hecker, MPA, Jill Hinton, PhD, and Jennifer McLaren, MD",Somewhat Satisfied,,Good review ,
8/4/2022 10:07,8/4/2022 10:07,IP Address,130.189.175.152,100,30,TRUE,8/4/2022 10:07,R_3isAWdGt20xe7GG,,,,,43.6444,-72.2455,qr,EN,"Biopsychosocial Assessment Considerations- Melanie Hecker, MPA, Jill Hinton, PhD, and Jennifer McLaren, MD",Highly satisfied,,Very comprehensive ,None
8/4/2022 10:07,8/4/2022 10:08,IP Address,216.66.108.218,100,46,TRUE,8/4/2022 10:08,R_wY7gFRI5RM4o29b,,,,,43.6444,-72.2455,qr,EN,"Biopsychosocial Assessment Considerations- Melanie Hecker, MPA, Jill Hinton, PhD, and Jennifer McLaren, MD",Satisfied,,All of it,None
8/4/2022 10:07,8/4/2022 10:08,IP Address,130.189.175.144,100,81,TRUE,8/4/2022 10:08,R_PTFx66j0eZ6bFcd,,,,,43.6444,-72.2455,qr,EN,"Biopsychosocial Assessment Considerations- Melanie Hecker, MPA, Jill Hinton, PhD, and Jennifer McLaren, MD",Highly satisfied,,The focus on misdiagnoses was great as this is a massive issue with my own experience with patients with IDD,
8/11/2022 7:50,8/11/2022 7:50,IP Address,216.66.108.218,100,21,TRUE,8/11/2022 7:50,R_QgZZs4cUItl9Ru1,,,,,43.6444,-72.2455,qr,EN,"Grief and Loss in IDD - Dan Baker, PhD and Katy Stratigos, MD",Highly satisfied,,"Great narration and informqtion
",
8/11/2022 7:50,8/11/2022 7:51,IP Address,216.66.108.218,100,56,TRUE,8/11/2022 7:51,R_1OoXu67KpfacGYF,,,,,43.6444,-72.2455,qr,EN,"Grief and Loss in IDD - Dan Baker, PhD and Katy Stratigos, MD",Highly satisfied,,Very informative ,None
8/11/2022 7:50,8/11/2022 7:51,IP Address,130.189.175.144,100,57,TRUE,8/11/2022 7:51,R_124n168nur7dGzn,,,,,43.6444,-72.2455,qr,EN,"Grief and Loss in IDD - Dan Baker, PhD and Katy Stratigos, MD",Highly satisfied,,The training manual provided and it’s relationship on what to see that may differ in presentation for people with IDD,
8/18/2022 7:29,8/18/2022 7:29,IP Address,216.66.108.218,100,28,TRUE,8/18/2022 7:29,R_31o5dtV6bA27Tl0,,,,,43.6444,-72.2455,qr,EN,"Psychiatric Assessment in IDD- Dan Baker, PhD and Jennifer McLaren, MD",Highly satisfied,,Great content,
8/18/2022 7:29,8/18/2022 7:30,IP Address,130.189.175.152,100,59,TRUE,8/18/2022 7:30,R_4Vj0wPrfmJx2yaJ,,,,,43.6444,-72.2455,qr,EN,"Psychiatric Assessment in IDD- Dan Baker, PhD and Jennifer McLaren, MD",Satisfied,,Humanistic approach ,
8/18/2022 7:29,8/18/2022 7:30,IP Address,216.66.108.218,100,58,TRUE,8/18/2022 7:30,R_3EolQE0v70CIGVP,,,,,43.6444,-72.2455,qr,EN,"Psychiatric Assessment in IDD- Dan Baker, PhD and Jennifer McLaren, MD",Highly satisfied,,Experiences of parents and individuals with IDD,
8/18/2022 7:29,8/18/2022 7:30,IP Address,130.189.175.144,100,63,TRUE,8/18/2022 7:30,R_2bMY05jJ1mKBpB0,,,,,43.6444,-72.2455,qr,EN,"Psychiatric Assessment in IDD- Dan Baker, PhD and Jennifer McLaren, MD",Highly satisfied,,"The interweaving of actual experience from
Parents and patients interspaced in with the module is great in driving home the point. ",
8/18/2022 7:29,8/18/2022 7:30,IP Address,130.189.175.156,100,73,TRUE,8/18/2022 7:30,R_1BQwna9F9LolPUU,,,,,43.6444,-72.2455,qr,EN,"Psychiatric Assessment in IDD- Dan Baker, PhD and Jennifer McLaren, MD",Satisfied,,Pt/family perspective ,
8/18/2022 7:30,8/18/2022 7:31,IP Address,130.189.152.83,100,70,TRUE,8/18/2022 7:31,R_3aVjjzKBWkQ6SS5,,,,,43.6444,-72.2455,anonymous,EN,"Psychiatric Assessment in IDD- Dan Baker, PhD and Jennifer McLaren, MD",Satisfied,,treat each person like a unique individual,
8/18/2022 7:29,8/18/2022 7:31,IP Address,130.189.175.148,100,95,TRUE,8/18/2022 7:31,R_d7ptTtdPI9QNWLv,,,,,43.6444,-72.2455,qr,EN,"Psychiatric Assessment in IDD- Dan Baker, PhD and Jennifer McLaren, MD",Somewhat Satisfied,I question the assertion made by one presenter which was that “many of these medications” cause suicidality as a side effect. ,Ethan’s mom ,See above 
8/18/2022 7:30,8/18/2022 7:32,IP Address,130.189.175.148,100,109,TRUE,8/18/2022 7:32,R_3CVDQGheKSarra5,,,,,43.6444,-72.2455,qr,EN,"Biopsychosocial Assessment Considerations- Melanie Hecker, MPA, Jill Hinton, PhD, and Jennifer McLaren, MD",Somewhat Satisfied,Similar to what have learned prior in training,Patient/family perspectives ,Higher level for residents/fellows
8/18/2022 7:29,8/18/2022 7:31,IP Address,130.189.175.148,100,149,TRUE,8/18/2022 7:41,R_3FX8PHhCo6VlqDx,,,,,43.6444,-72.2455,qr,EN,"Psychiatric Assessment in IDD- Dan Baker, PhD and Jennifer McLaren, MD",Satisfied,,Discussed context for symptoms e.g. grandiose delusions of ability to drive a car. Also reference to the DM-ID 2 which I was not familiar with,"Micah is off putting and seems like she has an agenda, which may be the intent of including her I suppose "
8/18/2022 7:31,8/18/2022 7:50,IP Address,130.189.152.83,100,1165,TRUE,8/18/2022 7:50,R_UH0k5Dq3baFPDZD,,,,,43.6444,-72.2455,anonymous,EN,"Trauma and Stressor Related Disorders- Jill Hinton, PhD and Roberto Blanco, MD",Somewhat Satisfied,,trauma effects everyone,
8/18/2022 7:50,8/18/2022 7:51,IP Address,216.66.108.218,100,32,TRUE,8/18/2022 7:51,R_R8hHpib2IGNRm01,,,,,43.6444,-72.2455,qr,EN,"Trauma and Stressor Related Disorders- Jill Hinton, PhD and Roberto Blanco, MD",Highly satisfied,,Different presentation of ptsd symptoms ,
8/18/2022 7:50,8/18/2022 7:51,IP Address,216.66.108.218,100,44,TRUE,8/18/2022 7:51,R_1DCNAENB6EUewkd,,,,,43.6444,-72.2455,qr,EN,"Trauma and Stressor Related Disorders- Jill Hinton, PhD and Roberto Blanco, MD",Highly satisfied,,Comprehensive information about how trauma manifests in individuals with IDD,
8/18/2022 7:50,8/18/2022 7:51,IP Address,130.189.175.152,100,50,TRUE,8/18/2022 7:51,R_5BZBVZ2f28HhgBz,,,,,43.6444,-72.2455,qr,EN,"Trauma and Stressor Related Disorders- Jill Hinton, PhD and Roberto Blanco, MD",Not Satisfied,Not appropriate for PGY3 psychiatry residents ,N/a,
8/18/2022 7:50,8/18/2022 7:52,IP Address,130.189.175.148,100,90,TRUE,8/18/2022 7:52,R_u9xFkRyCkZzwwH7,,,,,43.6444,-72.2455,qr,EN,"Trauma and Stressor Related Disorders- Jill Hinton, PhD and Roberto Blanco, MD",Somewhat Satisfied,Micah Peace makes a lot of broad generalized statements ,Video format ,Wonder if MDs are the right audience 
8/18/2022 7:50,8/18/2022 7:52,IP Address,130.189.175.148,100,91,TRUE,8/18/2022 7:52,R_1DFHE5xJtOKSSUr,,,,,43.6444,-72.2455,qr,EN,"Trauma and Stressor Related Disorders- Jill Hinton, PhD and Roberto Blanco, MD",Somewhat Satisfied,Trauma stats helpful but rest is lower level,Trauma stats,Bring to higher level
8/18/2022 7:51,8/18/2022 7:52,IP Address,130.189.175.144,100,53,TRUE,8/18/2022 7:52,R_1EYZwVXN8MSpFOx,,,,,43.6444,-72.2455,qr,EN,"Trauma and Stressor Related Disorders- Jill Hinton, PhD and Roberto Blanco, MD",Satisfied,,Informative on the reprocessing therapies and known risks ,
8/18/2022 7:50,8/18/2022 7:53,IP Address,130.189.175.148,100,195,TRUE,8/18/2022 7:53,R_zYexn9rfQB6KAJX,,,,,43.6444,-72.2455,qr,EN,"Trauma and Stressor Related Disorders- Jill Hinton, PhD and Roberto Blanco, MD",Somewhat Satisfied,Patient described as a “survivor of the psychiatric system” seems damaging to our profession,Video format,More actionable advice than “learn more about trauma”
8/18/2022 8:18,8/18/2022 8:18,IP Address,216.66.108.218,100,17,TRUE,8/18/2022 8:18,R_1HqrjYXWj4UC4fq,,,,,43.6444,-72.2455,qr,EN,"Schizophrenia and Other Psychotic Disorders- Joan Beasley, PhD and Jennifer McLaren, MD",Highly satisfied,,Great content and speaker ,
8/18/2022 7:50,8/18/2022 8:18,IP Address,130.189.152.83,100,1668,TRUE,8/18/2022 8:18,R_regOVsEVfpbieoV,,,,,43.6444,-72.2455,anonymous,EN,"Schizophrenia and Other Psychotic Disorders- Joan Beasley, PhD and Jennifer McLaren, MD",Somewhat Satisfied,,people w/ IDD can have psychotic disorders,
8/18/2022 8:18,8/18/2022 8:18,IP Address,130.189.175.152,100,20,TRUE,8/18/2022 8:18,R_3notkqynXIfZZFu,,,,,43.6444,-72.2455,qr,EN,"Schizophrenia and Other Psychotic Disorders- Joan Beasley, PhD and Jennifer McLaren, MD",Satisfied,,Good info,
8/18/2022 8:18,8/18/2022 8:18,IP Address,216.66.108.218,100,28,TRUE,8/18/2022 8:18,R_2TuAfhQx6yoIMZn,,,,,43.6444,-72.2455,qr,EN,"Schizophrenia and Other Psychotic Disorders- Joan Beasley, PhD and Jennifer McLaren, MD",Highly satisfied,,Very informative ,
8/18/2022 8:18,8/18/2022 8:19,IP Address,130.189.175.148,100,65,TRUE,8/18/2022 8:19,R_2aWZek9GYrlI6C5,,,,,43.6444,-72.2455,qr,EN,"Schizophrenia and Other Psychotic Disorders- Joan Beasley, PhD and Jennifer McLaren, MD",Satisfied,N/a,Discussion of clinically meaningful content like pseudo psychotic symptoms. ,Na
8/18/2022 8:18,8/18/2022 8:19,IP Address,130.189.175.148,100,69,TRUE,8/18/2022 8:19,R_2CvvN7QNkRVBQ16,,,,,43.6444,-72.2455,qr,EN,"Schizophrenia and Other Psychotic Disorders- Joan Beasley, PhD and Jennifer McLaren, MD",Somewhat Satisfied,It was a bit dry ,Video format,More case study 
8/18/2022 8:19,8/18/2022 8:19,IP Address,130.189.175.144,100,37,TRUE,8/18/2022 8:19,R_3mh5hp8pkdJUwBw,,,,,43.6444,-72.2455,qr,EN,"Schizophrenia and Other Psychotic Disorders- Joan Beasley, PhD and Jennifer McLaren, MD",Highly satisfied,,Important topic given the amount of misdiagnosis with IDD and psychotic disorders. ,
8/18/2022 8:18,8/18/2022 8:20,IP Address,130.189.156.247,100,105,TRUE,8/18/2022 8:20,R_1QmTIFf613yVvIp,,,,,43.6444,-72.2455,anonymous,EN,"Schizophrenia and Other Psychotic Disorders- Joan Beasley, PhD and Jennifer McLaren, MD",Somewhat Satisfied,is a little repetitive,useful to differentiate as I feel people with IDD get over-diagnosed with psychotic disorders,
8/18/2022 8:35,8/18/2022 8:35,IP Address,216.66.108.218,100,24,TRUE,8/18/2022 8:35,R_10vifBlUBzuCgIu,,,,,43.6444,-72.2455,qr,EN,"Anxiety Disorders- John Diamond, MD and Karen Weigle, PhD",Highly satisfied,,Good drug information ,
8/18/2022 8:35,8/18/2022 8:35,IP Address,130.189.175.152,100,27,TRUE,8/18/2022 8:35,R_2S9u0TwS4Y805TM,,,,,43.6444,-72.2455,qr,EN,"Anxiety Disorders- John Diamond, MD and Karen Weigle, PhD",Satisfied,,Good,
8/18/2022 8:35,8/18/2022 8:36,IP Address,216.66.108.218,100,47,TRUE,8/18/2022 8:36,R_2Pupub07Ab7o4Nq,,,,,43.6444,-72.2455,qr,EN,"Anxiety Disorders- John Diamond, MD and Karen Weigle, PhD",Highly satisfied,,Focus on treatment ,
8/18/2022 8:35,8/18/2022 8:36,IP Address,130.189.175.148,100,43,TRUE,8/18/2022 8:36,R_3iyGtfco0EPrNJ0,,,,,43.6444,-72.2455,qr,EN,"Anxiety Disorders- John Diamond, MD and Karen Weigle, PhD",Somewhat Satisfied,Good psychopharmacology review,Video format ,More depth 
8/18/2022 8:35,8/18/2022 8:36,IP Address,130.189.156.247,100,59,TRUE,8/18/2022 8:36,R_RWWVspho5flxtTj,,,,,43.6444,-72.2455,anonymous,EN,"Anxiety Disorders- John Diamond, MD and Karen Weigle, PhD",Not Satisfied,This felt very low level in terms of how much it discusses the specific treatments,n/a,
8/18/2022 8:18,8/18/2022 8:36,IP Address,130.189.152.83,100,1074,TRUE,8/18/2022 8:36,R_2BgFiPDUu8cJxVq,,,,,43.6444,-72.2455,anonymous,EN,"Anxiety Disorders- John Diamond, MD and Karen Weigle, PhD",Somewhat Satisfied,,anxiety can manifest in multiple ways,
8/18/2022 8:35,8/18/2022 8:37,IP Address,130.189.175.144,100,98,TRUE,8/18/2022 8:37,R_2c6Fhdlgt03STvK,,,,,43.6444,-72.2455,qr,EN,"Anxiety Disorders- John Diamond, MD and Karen Weigle, PhD",Satisfied,Great training I wonder if some of the time being used to explain more basic things like the purpose of SSRI and common side effects could be better used on correlating these common things more strongly with how they can complicate course of treatment with patients with IDD,Excellent presentations by the clinicians ,
8/18/2022 8:35,8/18/2022 8:37,IP Address,130.189.175.148,100,107,TRUE,8/18/2022 8:37,R_1cSbBaBnaB8yav3,,,,,43.6444,-72.2455,qr,EN,"Anxiety Disorders- John Diamond, MD and Karen Weigle, PhD",Satisfied,N/a,"More professional, research based information",N/a
8/18/2022 8:55,8/18/2022 8:55,IP Address,216.66.108.218,100,13,TRUE,8/18/2022 8:55,R_1NymKXb3klhb5BC,,,,,43.6444,-72.2455,qr,EN,"Obsessive Compulsive and Related Disorders- Jill Hinton, PhD and Michael Cummings, MD",Highly satisfied,,Great,
8/18/2022 8:56,8/18/2022 8:56,IP Address,130.189.175.152,100,18,TRUE,8/18/2022 8:56,R_RtAl3OqaPkKQACZ,,,,,43.6444,-72.2455,qr,EN,"Obsessive Compulsive and Related Disorders- Jill Hinton, PhD and Michael Cummings, MD",Satisfied,,Good info,
8/18/2022 8:55,8/18/2022 8:56,IP Address,130.189.175.144,100,35,TRUE,8/18/2022 8:56,R_10HEImANUpcK0gn,,,,,43.6444,-72.2455,qr,EN,"Obsessive Compulsive and Related Disorders- Jill Hinton, PhD and Michael Cummings, MD",Highly satisfied,,Great run through helping to distinguish presentation of OCD vs ASD,
8/18/2022 8:56,8/18/2022 8:56,IP Address,130.189.175.148,100,50,TRUE,8/18/2022 8:56,R_2Vrmv4P7NvNewbu,,,,,43.6444,-72.2455,qr,EN,"Obsessive Compulsive and Related Disorders- Jill Hinton, PhD and Michael Cummings, MD",Satisfied,That was the most appropriate module for a psychiatrist audience thus far in my opinion ,Good pharm review ,Case example
8/18/2022 8:55,8/18/2022 8:57,IP Address,216.66.108.218,100,72,TRUE,8/18/2022 8:57,R_1dh5zzb7QKGnsbv,,,,,43.6444,-72.2455,qr,EN,"Obsessive Compulsive and Related Disorders- Jill Hinton, PhD and Michael Cummings, MD",Highly satisfied,,Differences and similarities between ASD and OCD symptoms,
8/18/2022 8:56,8/18/2022 8:57,IP Address,130.189.175.148,100,101,TRUE,8/18/2022 8:57,R_2cACdusNtuICerj,,,,,43.6444,-72.2455,qr,EN,"Obsessive Compulsive and Related Disorders- Jill Hinton, PhD and Michael Cummings, MD",Satisfied,Presenter definitively saying you WILL get side effects from SSRIs…,Video format,More nuanced discussion of medication and side effects 
8/18/2022 8:55,8/18/2022 9:00,IP Address,130.189.156.247,100,298,TRUE,8/18/2022 9:00,R_3NKhKtcdVKvDCH6,,,,,43.6444,-72.2455,anonymous,EN,"Obsessive Compulsive and Related Disorders- Jill Hinton, PhD and Michael Cummings, MD",Somewhat Satisfied,minute speifics of drug treatment have been learned at prior stages of training,OCD vs ASD,
8/18/2022 8:36,8/18/2022 9:16,IP Address,130.189.152.83,100,2406,TRUE,8/18/2022 9:16,R_d0XL5kApg10O62t,,,,,43.6444,-72.2455,anonymous,EN,"Obsessive Compulsive and Related Disorders- Jill Hinton, PhD and Michael Cummings, MD",Somewhat Satisfied,,helpful,
8/18/2022 9:16,8/18/2022 9:17,IP Address,216.66.108.218,100,21,TRUE,8/18/2022 9:17,R_zcoehli97vFmt7r,,,,,43.6444,-72.2455,qr,EN,"Depression and Bipolar Disorder- Jenee Lewis-Walker, PhD and Jennifer McLaren, MD",Highly satisfied,,Treatment ,
8/18/2022 9:16,8/18/2022 9:17,IP Address,130.189.152.83,100,27,TRUE,8/18/2022 9:17,R_xrxBR6xLb2F6N9L,,,,,43.6444,-72.2455,anonymous,EN,"Depression and Bipolar Disorder- Jenee Lewis-Walker, PhD and Jennifer McLaren, MD",Somewhat Satisfied,,some medications can cause increase agitation,
8/18/2022 9:16,8/18/2022 9:17,IP Address,216.66.108.218,100,24,TRUE,8/18/2022 9:17,R_tYUXzBl5EyCwAGB,,,,,43.6444,-72.2455,qr,EN,"Depression and Bipolar Disorder- Jenee Lewis-Walker, PhD and Jennifer McLaren, MD",Highly satisfied,,Clear explanation of drugs,
8/18/2022 9:16,8/18/2022 9:17,IP Address,130.189.156.247,100,31,TRUE,8/18/2022 9:17,R_2e8Vx7JOPyrtEWu,,,,,43.6444,-72.2455,anonymous,EN,"Depression and Bipolar Disorder- Jenee Lewis-Walker, PhD and Jennifer McLaren, MD",Somewhat Satisfied,Have prevoiusly learned many of the specifics with meds,Helpful learning about agents which cause increased agitation,
8/18/2022 9:16,8/18/2022 9:17,IP Address,130.189.175.148,100,41,TRUE,8/18/2022 9:17,R_ul7ZZuh3lsWxT7r,,,,,43.6444,-72.2455,qr,EN,"Depression and Bipolar Disorder- Jenee Lewis-Walker, PhD and Jennifer McLaren, MD",Satisfied,Good med review ,Video format,Wondering who the target audience will be 
8/18/2022 9:17,8/18/2022 9:17,IP Address,130.189.175.152,100,29,TRUE,8/18/2022 9:17,R_2YeQjfcG7ynrb5A,,,,,43.6444,-72.2455,qr,EN,"Depression and Bipolar Disorder- Jenee Lewis-Walker, PhD and Jennifer McLaren, MD",Satisfied,,Good,
8/18/2022 9:16,8/18/2022 9:17,IP Address,130.189.175.148,100,45,TRUE,8/18/2022 9:17,R_2ttGd4VUkDG2HL2,,,,,43.6444,-72.2455,qr,EN,"Depression and Bipolar Disorder- Jenee Lewis-Walker, PhD and Jennifer McLaren, MD",Satisfied,N/a,Less opinion and bias ,N/a
8/18/2022 9:16,8/18/2022 9:17,IP Address,130.189.175.144,100,48,TRUE,8/18/2022 9:17,R_2WPEDQKngCLpYuE,,,,,43.6444,-72.2455,qr,EN,"Depression and Bipolar Disorder- Jenee Lewis-Walker, PhD and Jennifer McLaren, MD",Highly satisfied,,The looks at potential complications for IDD and common pharmacological interventions was great ,
9/6/2022 8:36,9/6/2022 8:38,IP Address,209.134.33.71,100,113,TRUE,9/6/2022 8:38,R_UROaFSb1X1CmuxX,,,,,43.5668,-72.4172,anonymous,EN,"Introduction to Neurodiversity- Melanie Hecker, MPA and Jennifer McLaren, MD",Satisfied,N/A,Clear and concise introduction to a patient population with which many do not have experience.,
9/6/2022 8:38,9/6/2022 8:39,IP Address,198.55.239.15,100,32,TRUE,9/6/2022 8:39,R_29tPImj4cu5AS6N,,,,,43.7931,-72.1727,anonymous,EN,"Introduction to Neurodiversity- Melanie Hecker, MPA and Jennifer McLaren, MD",Satisfied,,advice for how to understand and embrace neurodiversity,
9/6/2022 8:38,9/6/2022 8:40,IP Address,209.134.33.71,100,109,TRUE,9/6/2022 8:40,R_3hcGXg2MUB1VSWL,,,,,43.5668,-72.4172,anonymous,EN,"Culturally Competent Patient Care- Roberto Blanco, MD and Kristal Garcia, LMSW",Satisfied,,"Established the importance of culture in patient care, but also emphasized that not all of a particular culture are completely identical (spoke about the importance of individuality)",
9/6/2022 8:40,9/6/2022 8:42,IP Address,209.134.33.71,100,113,TRUE,9/6/2022 8:42,R_2bWvNp0N9FPrJhP,,,,,43.5668,-72.4172,anonymous,EN,"Systems of Care for People with IDD- Jennifer McLaren, MD and Lisa Plotnick, MD",Satisfied,,Provided a broad outline of available resources and contributions of specific providers,"If later lessons do not go into detail, provide more specifics on each service type/organizations available to patients"
9/6/2022 8:43,9/6/2022 8:44,IP Address,209.134.33.71,100,102,TRUE,9/6/2022 8:44,R_33DoxymiRsFLpma,,,,,43.5668,-72.4172,anonymous,EN,"The Lived Experience Perspective- Melanie Hecker, MPA, Susan Klick, BA, and Beth Grosso, MSW",Highly satisfied,,It is often best to hear from those most familiar with a topic i.e. those living through it,Possibly incorporate more direct patient experiences if possible vs. care givers
9/6/2022 8:45,9/6/2022 8:47,IP Address,209.134.33.71,100,177,TRUE,9/6/2022 8:47,R_24I8Dakn8kWkgEC,,,,,43.5668,-72.4172,anonymous,EN,"Medical Assessment Considerations- Leslie Rubin, MD",Satisfied,,Broad introduction to specific conditions ,"Good initial introduction to diagnoses and common presentations, which would be best if followed up with specifics in latter lessons"
9/6/2022 8:49,9/6/2022 8:50,IP Address,198.55.239.15,100,40,TRUE,9/6/2022 8:50,R_2xyPZFEGD2bszof,,,,,43.7931,-72.1727,anonymous,EN,"Culturally Competent Patient Care- Roberto Blanco, MD and Kristal Garcia, LMSW",Satisfied,,the recommendation to admit you do not know and how that can engender trust,
9/6/2022 8:58,9/6/2022 8:59,IP Address,198.55.239.15,100,42,TRUE,9/6/2022 8:59,R_1OUH0hl4H6tNeTH,,,,,43.7931,-72.1727,anonymous,EN,"Systems of Care for People with IDD- Jennifer McLaren, MD and Lisa Plotnick, MD",Satisfied,,helpful to understand the various components/people involved in the care of a person with IDD,
9/6/2022 9:10,9/6/2022 9:11,IP Address,198.55.239.15,100,22,TRUE,9/6/2022 9:11,R_2ATPncWSpuwL2x8,,,,,43.7931,-72.1727,anonymous,EN,"Introduction to Positive Medicine- Joan Beasley, PhD and Dan Tomasulo, PhD",Satisfied,,the discussion about hope,
9/6/2022 9:29,9/6/2022 9:30,IP Address,198.55.239.15,100,57,TRUE,9/6/2022 9:30,R_2YFcgTFAqXF1wJF,,,,,43.7931,-72.1727,anonymous,EN,"Medical Assessment Considerations- Leslie Rubin, MD",Satisfied,,helpful to understand the most common medical issues associated with each IDD diagnosis and how that might impact MH.,
9/6/2022 9:41,9/6/2022 9:42,IP Address,198.55.239.15,100,30,TRUE,9/6/2022 9:42,R_3rU74hHKIqyrs3C,,,,,43.7931,-72.1727,anonymous,EN,"The Lived Experience Perspective- Melanie Hecker, MPA, Susan Klick, BA, and Beth Grosso, MSW",Satisfied,,understanding the potential sensory triggers for people with IDD,
9/17/2022 9:21,9/17/2022 9:25,IP Address,98.216.155.245,100,200,TRUE,9/17/2022 9:25,R_3rU5zuGrSDnON6o,,,,,43.6448,-72.2971,anonymous,EN,"Introduction to Positive Medicine- Joan Beasley, PhD and Dan Tomasulo, PhD",Satisfied,,I appreciated the information regarding systems of care for patients with IDD and learning about positive medicine.,None.
9/18/2022 7:49,9/18/2022 7:50,IP Address,64.222.162.82,100,62,TRUE,9/18/2022 7:50,R_3MATiG0uvRgopb3,,,,,42.8951,-72.0534,anonymous,EN,"Introduction to Positive Medicine- Joan Beasley, PhD and Dan Tomasulo, PhD",Highly satisfied,,Learning about the module topic and then having a self-advocate tell their story/experience with it.,
9/18/2022 7:51,9/18/2022 7:51,IP Address,64.222.162.82,100,13,TRUE,9/18/2022 7:51,R_2w1sgb8km1dOSLr,,,,,42.8951,-72.0534,anonymous,EN,"Introduction to Neurodiversity- Melanie Hecker, MPA and Jennifer McLaren, MD",Satisfied,,Learning about the module topic and then having a self-advocate tell their story/experience with it.,
9/18/2022 7:52,9/18/2022 7:52,IP Address,64.222.162.82,100,14,TRUE,9/18/2022 7:52,R_1k1A6YRgEBYKs86,,,,,42.8951,-72.0534,anonymous,EN,"Culturally Competent Patient Care- Roberto Blanco, MD and Kristal Garcia, LMSW",Highly satisfied,,https://unh.az1.qualtrics.com/jfe/form/SV_4ZXo2irnGS6fyyW,
9/18/2022 7:52,9/18/2022 7:53,IP Address,64.222.162.82,100,72,TRUE,9/18/2022 7:53,R_3EAVE77yk0DhwgW,,,,,42.8951,-72.0534,anonymous,EN,"Systems of Care for People with IDD- Jennifer McLaren, MD and Lisa Plotnick, MD",Satisfied,,https://unh.az1.qualtrics.com/jfe/form/SV_4ZXo2irnGS6fyyW,
9/18/2022 7:56,9/18/2022 7:56,IP Address,64.222.162.82,100,51,TRUE,9/18/2022 7:56,R_1k0M8TY4lRMqDbh,,,,,42.8951,-72.0534,anonymous,EN,"Introduction to Positive Medicine- Joan Beasley, PhD and Dan Tomasulo, PhD",Highly satisfied,,I think Micah is great. I like being able to incorporate professors on the topic as well as self-advocates,
9/18/2022 7:57,9/18/2022 8:03,IP Address,64.222.162.82,100,374,TRUE,9/18/2022 8:03,R_bIB6LaXfqMK7RgB,,,,,42.8951,-72.0534,anonymous,EN,"Fundamentals of Psychopharmacology- Jarrett Barnhill, MD",Satisfied,,He got all in the information necessary included and kept the session succint,
9/18/2022 8:03,9/18/2022 8:16,IP Address,64.222.162.82,100,803,TRUE,9/18/2022 8:16,R_3RdSFH6W9gCi6Zw,,,,,42.8951,-72.0534,anonymous,EN,"Medical Assessment Considerations- Leslie Rubin, MD",Highly satisfied,,I like hearing from an intellectual on the topic and then hearing from the families of those with IDD.,
9/18/2022 8:16,9/18/2022 8:23,IP Address,64.222.162.82,100,400,TRUE,9/18/2022 8:23,R_1QtntTDRsRWiBIk,,,,,42.8951,-72.0534,anonymous,EN,"The Lived Experience Perspective- Melanie Hecker, MPA, Susan Klick, BA, and Beth Grosso, MSW",Highly satisfied,,I liked hearing from self advocates as well as family of those with IDD-MH,
9/18/2022 8:23,9/18/2022 8:59,IP Address,64.222.162.82,100,2138,TRUE,9/18/2022 8:59,R_2xzR9TKuLClyDGU,,,,,42.8951,-72.0534,anonymous,EN,"Biopsychosocial Assessment Considerations- Melanie Hecker, MPA, Jill Hinton, PhD, and Jennifer McLaren, MD",Highly satisfied,,I like hearing from professionals on the topic as well as self advocates to hear their perspective as well,
9/18/2022 8:59,9/18/2022 9:13,IP Address,64.222.162.82,100,828,TRUE,9/18/2022 9:13,R_BJ0WGBb8SM5jTPj,,,,,42.8951,-72.0534,anonymous,EN,"Psychiatric Assessment in IDD- Dan Baker, PhD and Jennifer McLaren, MD",Highly satisfied,,I like integrating professionals on the topic with self advocates and family members to hear both perspectives,
9/18/2022 14:01,9/18/2022 14:15,IP Address,73.149.158.196,100,797,TRUE,9/18/2022 14:15,R_9yOs0FLowWgthe1,,,,,43.6444,-72.2455,anonymous,EN,"Introduction to Neurodiversity- Melanie Hecker, MPA and Jennifer McLaren, MD",Highly satisfied,,I like how both Melanie and Jennifer talked about neurodiversity. It provided a nice dynamic for the topic discussed. ,N/A
9/18/2022 14:35,9/18/2022 14:36,IP Address,73.149.158.196,100,47,TRUE,9/18/2022 14:36,R_1JXc3XIekd96exg,,,,,43.6444,-72.2455,anonymous,EN,"Culturally Competent Patient Care- Roberto Blanco, MD and Kristal Garcia, LMSW",Highly satisfied,,I like how Dr. Blanco introduced prompt questions and ways to answer them.,N/A
9/18/2022 14:43,9/18/2022 14:47,IP Address,73.149.158.196,100,250,TRUE,9/18/2022 14:47,R_DS4Fl0ST5QcJGlH,,,,,43.6444,-72.2455,anonymous,EN,"Systems of Care for People with IDD- Jennifer McLaren, MD and Lisa Plotnick, MD",Highly satisfied,,It was most helpful to hear what services are offered to patients with IDD.,N/A
9/18/2022 14:49,9/18/2022 15:02,IP Address,73.149.158.196,100,732,TRUE,9/18/2022 15:02,R_VIsPoUkwkSRU8vf,,,,,43.6444,-72.2455,anonymous,EN,"Introduction to Positive Medicine- Joan Beasley, PhD and Dan Tomasulo, PhD",Highly satisfied,,"I thought listening to ""the science of hope"" was very powerful and interesting. It gave me the opportunity to reflect on my own personal experiences.   ",N/A
9/18/2022 9:13,9/18/2022 15:10,IP Address,76.24.228.186,100,21420,TRUE,9/18/2022 15:10,R_1IGKyTRAIcnwQZt,,,,,43.6448,-72.2971,anonymous,EN,"Trauma and Stressor Related Disorders- Jill Hinton, PhD and Roberto Blanco, MD",Highly satisfied,, I liked hearing from professionals in the field as well as self advocates,
9/18/2022 15:03,9/18/2022 15:10,IP Address,73.149.158.196,100,442,TRUE,9/18/2022 15:10,R_3PTDfsk7GfhDOcA,,,,,43.6444,-72.2455,anonymous,EN,"Fundamentals of Psychopharmacology- Jarrett Barnhill, MD",Highly satisfied,,It was helpful to hear which treatments work best and how pharmacological therapy is not always the best option for these patients.,N/A
9/18/2022 15:10,9/18/2022 15:24,IP Address,76.24.228.186,100,848,TRUE,9/18/2022 15:24,R_3gTKM0Pl2FWOiCu,,,,,43.6448,-72.2971,anonymous,EN,"Anxiety Disorders- John Diamond, MD and Karen Weigle, PhD",Satisfied,,I liked learning the interventions for anxiety and the reminder to always rule out physical problems first when diagnosing someone with anxiety.,
9/18/2022 15:14,9/18/2022 15:26,IP Address,73.149.158.196,100,741,TRUE,9/18/2022 15:26,R_28BN14CoKbscHVZ,,,,,43.6444,-72.2455,anonymous,EN,"Medical Assessment Considerations- Leslie Rubin, MD",Highly satisfied,,I thought it was most helpful to hear from family members and their views on medical assessment considerations for people with IDD. ,N/A
9/18/2022 15:24,9/18/2022 15:31,IP Address,76.24.228.186,100,449,TRUE,9/18/2022 15:31,R_3MQeOuydMP2xDF2,,,,,43.6448,-72.2971,anonymous,EN,"Depression and Bipolar Disorder- Jenee Lewis-Walker, PhD and Jennifer McLaren, MD",Satisfied,,learning about the more atypical presentation of mood disorders in those with IDD compared to neurotypicals.,
9/18/2022 15:26,9/18/2022 15:39,IP Address,73.149.158.196,100,780,TRUE,9/18/2022 15:39,R_1GxCBvx3MiCrstX,,,,,43.6444,-72.2455,anonymous,EN,"The Lived Experience Perspective- Melanie Hecker, MPA, Susan Klick, BA, and Beth Grosso, MSW",Highly satisfied,,I thought it was helpful to know that you must ask about sensory triggers. I was unaware of how many sensory triggers there were and how they affect each patient differently.,N/A
9/18/2022 15:44,9/18/2022 16:01,IP Address,73.149.158.196,100,990,TRUE,9/18/2022 16:01,R_3ndhe0IpSiV7K2S,,,,,43.6444,-72.2455,anonymous,EN,"Biopsychosocial Assessment Considerations- Melanie Hecker, MPA, Jill Hinton, PhD, and Jennifer McLaren, MD",Highly satisfied,,"I will definitely remember the ""HEAD TO TOES"" mnemonic! This will help me as a future provider. ",N/A
9/18/2022 16:02,9/18/2022 16:16,IP Address,73.149.158.196,100,828,TRUE,9/18/2022 16:16,R_1ovDUxmyLNA540k,,,,,43.6444,-72.2455,anonymous,EN,"Psychiatric Assessment in IDD- Dan Baker, PhD and Jennifer McLaren, MD",Highly satisfied,,I thought Myka's story of her own personal experiences with mental health and her diagnosis was helpful to understand the importance of a proper diagnosis and the potential negative effects of not properly treating patient's with incorrect diagnoses. ,N/A
9/18/2022 16:19,9/18/2022 16:32,IP Address,73.149.158.196,100,728,TRUE,9/18/2022 16:32,R_1OxlFggjmcPwJTC,,,,,43.6444,-72.2455,anonymous,EN,"Trauma and Stressor Related Disorders- Jill Hinton, PhD and Roberto Blanco, MD",Highly satisfied,,"The 6 principles of trauma care were informative, along with the discussion of different therapies available. ",N/A
9/18/2022 16:32,9/18/2022 16:41,IP Address,73.149.158.196,100,540,TRUE,9/18/2022 16:41,R_p0McimXG5ntX5cJ,,,,,43.6444,-72.2455,anonymous,EN,"Anxiety Disorders- John Diamond, MD and Karen Weigle, PhD",Highly satisfied,,I thought it was helpful to hear how anxiety may present in patients with IDD.,N/A
9/18/2022 16:41,9/18/2022 16:49,IP Address,73.149.158.196,100,472,TRUE,9/18/2022 16:49,R_pcmGD96MTFjlr7X,,,,,43.6444,-72.2455,anonymous,EN,"Depression and Bipolar Disorder- Jenee Lewis-Walker, PhD and Jennifer McLaren, MD",Highly satisfied,,The flow charts at the end of the video were very helpful in mapping out the best treatment for different mood disorders.,N/A
9/18/2022 16:50,9/18/2022 16:57,IP Address,73.149.158.196,100,468,TRUE,9/18/2022 16:57,R_3MlKmMHwHzuAJfA,,,,,43.6444,-72.2455,anonymous,EN,"Schizophrenia and Other Psychotic Disorders- Joan Beasley, PhD and Jennifer McLaren, MD",Highly satisfied,,"The case examples were very helpful in this lecture. It allowed me to look at a ""psychotic disorder"" through patient cases. Also addressing psychosis vs lived life experiences is important to understand and differentiate. Also, I thought it was important to learn about ""pseudo psychotic"" events. ",N/A
9/18/2022 16:57,9/18/2022 17:07,IP Address,73.149.158.196,100,551,TRUE,9/18/2022 17:07,R_pse5JnybWocXFoB,,,,,43.6444,-72.2455,anonymous,EN,"Obsessive Compulsive and Related Disorders- Jill Hinton, PhD and Michael Cummings, MD",Highly satisfied,,I thought it was important to learn that it is crucial that you carefully consider which medications to prescribe these individuals for OCD and the side effects they may have which can be more severe for this population (GI side effects). ,N/A
9/18/2022 17:07,9/18/2022 17:11,IP Address,73.149.158.196,100,228,TRUE,9/18/2022 17:11,R_2OIm4iqnzU2zcnS,,,,,43.6444,-72.2455,anonymous,EN,"Grief and Loss in IDD - Dan Baker, PhD and Katy Stratigos, MD",Highly satisfied,,I thought practical strategies for grieving in individuals with IDD were very helpful! ,N/A
9/18/2022 17:08,9/18/2022 18:55,IP Address,73.149.159.172,100,6421,TRUE,9/18/2022 18:55,R_D8oyLer0p5bQwKJ,,,,,43.6444,-72.2455,anonymous,EN,"Introduction to Positive Medicine- Joan Beasley, PhD and Dan Tomasulo, PhD",Highly satisfied,,"I thought the speakers seemed very knowledgeable, and were engaging.",
9/18/2022 15:32,9/19/2022 3:34,IP Address,76.24.228.186,100,43341,TRUE,9/19/2022 3:34,R_6FfTUz76fPxis0N,,,,,43.6448,-72.2971,anonymous,EN,"Schizophrenia and Other Psychotic Disorders- Joan Beasley, PhD and Jennifer McLaren, MD",Highly satisfied,,I like the case examples,
9/19/2022 3:34,9/19/2022 3:46,IP Address,76.24.228.186,100,723,TRUE,9/19/2022 3:46,R_WunVrDtvHZdomXL,,,,,43.6448,-72.2971,anonymous,EN,"Obsessive Compulsive and Related Disorders- Jill Hinton, PhD and Michael Cummings, MD",Satisfied,,I liked how they hit the big findings in those with IDD and OCD,
9/19/2022 3:47,9/19/2022 3:59,IP Address,76.24.228.186,100,771,TRUE,9/19/2022 3:59,R_1KkDtNi49nXmSTp,,,,,43.6448,-72.2971,anonymous,EN,"Grief and Loss in IDD - Dan Baker, PhD and Katy Stratigos, MD",Satisfied,,I thought they provided good non pharmacological coping mechanisms,
9/22/2022 8:50,9/22/2022 8:51,IP Address,172.58.225.84,100,72,TRUE,9/22/2022 8:51,R_eKGL7VB8v1q0oIV,,,,,40.6801,-73.9207,qr,EN,"Introduction to Positive Medicine- Joan Beasley, PhD and Dan Tomasulo, PhD",Highly satisfied,,Everything ,
9/22/2022 8:50,9/22/2022 8:51,IP Address,172.58.225.212,100,63,TRUE,9/22/2022 8:51,R_2rhZ4QfNvbvceyO,,,,,40.6801,-73.9207,qr,EN,"Introduction to Positive Medicine- Joan Beasley, PhD and Dan Tomasulo, PhD",Highly satisfied,,"Description of terms, person first vs identity first explanation",
9/22/2022 8:50,9/22/2022 8:51,IP Address,107.77.216.80,100,77,TRUE,9/22/2022 8:51,R_1DD9P3Syj2QreCK,,,,,28.6344,-81.6221,qr,EN,"Introduction to Positive Medicine- Joan Beasley, PhD and Dan Tomasulo, PhD",Highly satisfied,,Growing as a person helps me improve as a professional,
9/22/2022 8:50,9/22/2022 8:51,IP Address,166.205.159.1,100,70,TRUE,9/22/2022 8:51,R_87VeUEK6FiN2ukN,,,,,26.2681,-80.2092,qr,EN,"Introduction to Positive Medicine- Joan Beasley, PhD and Dan Tomasulo, PhD",Highly satisfied,,Getting perspective about this topic,
9/22/2022 8:50,9/22/2022 8:51,IP Address,172.58.224.172,100,60,TRUE,9/22/2022 8:51,R_21ppeGMg54V4Qxo,,,,,40.7123,-73.7985,qr,EN,"Introduction to Neurodiversity- Melanie Hecker, MPA and Jennifer McLaren, MD",Highly satisfied,,Concepts,
9/22/2022 8:51,9/22/2022 8:52,IP Address,166.205.159.1,100,23,TRUE,9/22/2022 8:52,R_1P4WpKdplk1aLcn,,,,,26.2681,-80.2092,qr,EN,"Introduction to Neurodiversity- Melanie Hecker, MPA and Jennifer McLaren, MD",Satisfied,,Getting to know concepts,
9/22/2022 8:52,9/22/2022 8:52,IP Address,172.58.225.212,100,31,TRUE,9/22/2022 8:52,R_3h3gasJGj8kWwfD,,,,,40.6801,-73.9207,qr,EN,"Introduction to Neurodiversity- Melanie Hecker, MPA and Jennifer McLaren, MD",Highly satisfied,,Specific examples provided for competently focused interview,
9/22/2022 8:52,9/22/2022 8:52,IP Address,172.58.225.84,100,20,TRUE,9/22/2022 8:52,R_3qmmboYuiK8A5Rt,,,,,40.6801,-73.9207,qr,EN,"Introduction to Neurodiversity- Melanie Hecker, MPA and Jennifer McLaren, MD",Highly satisfied,,Everything ,
9/22/2022 8:52,9/22/2022 8:52,IP Address,172.58.225.49,100,25,TRUE,9/22/2022 8:52,R_1FsIkiSQkXgI2ra,,,,,40.6801,-73.9207,qr,EN,"Culturally Competent Patient Care- Roberto Blanco, MD and Kristal Garcia, LMSW",Highly satisfied,,Concept,Continue
9/22/2022 8:52,9/22/2022 8:52,IP Address,107.77.216.80,100,26,TRUE,9/22/2022 8:52,R_cwsLlRHzhBZUqNb,,,,,28.6344,-81.6221,qr,EN,"Introduction to Neurodiversity- Melanie Hecker, MPA and Jennifer McLaren, MD",Highly satisfied,,A reminder of proper terminology and to always use a patient-centered approach,
9/22/2022 8:52,9/22/2022 8:52,IP Address,172.58.225.84,100,8,TRUE,9/22/2022 8:52,R_2B3EX29j3GgooUE,,,,,40.6801,-73.9207,qr,EN,"Culturally Competent Patient Care- Roberto Blanco, MD and Kristal Garcia, LMSW",Highly satisfied,,Everything ,
9/22/2022 8:52,9/22/2022 8:52,IP Address,166.205.159.1,100,28,TRUE,9/22/2022 8:52,R_3E9JdYW3JB1PhQL,,,,,26.2681,-80.2092,qr,EN,"Culturally Competent Patient Care- Roberto Blanco, MD and Kristal Garcia, LMSW",Highly satisfied,,Learning to be more concient about this concepts and applying them to practice,
9/22/2022 8:52,9/22/2022 8:53,IP Address,172.58.225.84,100,18,TRUE,9/22/2022 8:53,R_3PMtuof75QVyZ9j,,,,,40.6801,-73.9207,qr,EN,"Fundamentals of Psychopharmacology- Jarrett Barnhill, MD",Highly satisfied,,Everything ,
9/22/2022 8:52,9/22/2022 8:53,IP Address,172.58.224.91,100,31,TRUE,9/22/2022 8:53,R_22E0YdnemUSsfNS,,,,,40.7123,-73.7985,qr,EN,"Medical Assessment Considerations- Leslie Rubin, MD",Highly satisfied,,Very good,.
9/22/2022 8:53,9/22/2022 8:53,IP Address,166.205.159.1,100,29,TRUE,9/22/2022 8:53,R_3QEpOlKzW6rLjwv,,,,,26.2681,-80.2092,qr,EN,"Fundamentals of Psychopharmacology- Jarrett Barnhill, MD",Satisfied,,Good,
9/22/2022 8:53,9/22/2022 8:53,IP Address,172.58.225.84,100,11,TRUE,9/22/2022 8:53,R_238dc0iF7Bwm1QL,,,,,40.6801,-73.9207,qr,EN,"The Lived Experience Perspective- Melanie Hecker, MPA, Susan Klick, BA, and Beth Grosso, MSW",Highly satisfied,,Everything ,
9/22/2022 8:52,9/22/2022 8:53,IP Address,172.58.225.212,100,50,TRUE,9/22/2022 8:53,R_tSOAxEoWxkVicDv,,,,,40.6801,-73.9207,qr,EN,"Introduction to Positive Medicine- Joan Beasley, PhD and Dan Tomasulo, PhD",Highly satisfied,,Description of positive medicine,
9/22/2022 8:51,9/22/2022 8:53,IP Address,67.224.128.118,100,140,TRUE,9/22/2022 8:53,R_2RaCfB0gQioJZcN,,,,,18.3861,-66.0434,qr,EN,"Introduction to Neurodiversity- Melanie Hecker, MPA and Jennifer McLaren, MD",Highly satisfied,,The importance of highlighting strengths,
9/22/2022 8:53,9/22/2022 8:53,IP Address,166.205.159.1,100,11,TRUE,9/22/2022 8:53,R_3HnymOAm23a6lcg,,,,,26.2681,-80.2092,qr,EN,"The Lived Experience Perspective- Melanie Hecker, MPA, Susan Klick, BA, and Beth Grosso, MSW",Satisfied,,Good,
9/22/2022 8:53,9/22/2022 8:53,IP Address,172.58.225.84,100,12,TRUE,9/22/2022 8:53,R_BWfZXaKwCxo4IFz,,,,,40.6801,-73.9207,qr,EN,"Systems of Care for People with IDD- Jennifer McLaren, MD and Lisa Plotnick, MD",Highly satisfied,,Everything ,
9/22/2022 8:52,9/22/2022 8:54,IP Address,107.77.216.80,100,72,TRUE,9/22/2022 8:54,R_1QaUnkejJZRYYNA,,,,,28.6344,-81.6221,qr,EN,"Culturally Competent Patient Care- Roberto Blanco, MD and Kristal Garcia, LMSW",Highly satisfied,,Understand that IDD people have their pwn culture that is not homogenous for everybody since ones own life experiences shape culture,
9/22/2022 8:53,9/22/2022 8:54,IP Address,172.58.224.91,100,37,TRUE,9/22/2022 8:54,R_5jB61XUbmkP0t5D,,,,,40.7123,-73.7985,qr,EN,"Introduction to Positive Medicine- Joan Beasley, PhD and Dan Tomasulo, PhD",Highly satisfied,,Term learned hopefulness and focus in strenght based care,
9/22/2022 8:53,9/22/2022 8:54,IP Address,172.58.225.84,100,11,TRUE,9/22/2022 8:54,R_3r2oOqNJZo7W9Wz,,,,,40.6801,-73.9207,qr,EN,"Medical Assessment Considerations- Leslie Rubin, MD",Highly satisfied,,Everything ,
9/22/2022 8:53,9/22/2022 8:54,IP Address,166.205.159.1,100,32,TRUE,9/22/2022 8:54,R_vYsurbsAQ1pGrsJ,,,,,26.2681,-80.2092,qr,EN,"Systems of Care for People with IDD- Jennifer McLaren, MD and Lisa Plotnick, MD",Highly satisfied,,Knowing all resources available but frustrating to know in puerto rico we dont have this programs,
9/22/2022 8:54,9/22/2022 8:54,IP Address,172.58.225.84,100,14,TRUE,9/22/2022 8:54,R_OBu02yZ4ACobNq9,,,,,40.6801,-73.9207,qr,EN,"Psychiatric Assessment in IDD- Dan Baker, PhD and Jennifer McLaren, MD",Highly satisfied,,Everything ,
9/22/2022 8:53,9/22/2022 8:54,IP Address,172.58.225.212,100,51,TRUE,9/22/2022 8:54,R_1eIPn4mBBz5jMoA,,,,,40.6801,-73.9207,qr,EN,"Fundamentals of Psychopharmacology- Jarrett Barnhill, MD",Satisfied,More specific examples about pharmacology options in daily experience,Reciew of psychopharm,
9/22/2022 8:54,9/22/2022 8:54,IP Address,172.58.225.84,100,16,TRUE,9/22/2022 8:54,R_Zwy4XH4R5j67wel,,,,,40.6801,-73.9207,qr,EN,"Biopsychosocial Assessment Considerations- Melanie Hecker, MPA, Jill Hinton, PhD, and Jennifer McLaren, MD",Highly satisfied,,Everything ,
9/22/2022 8:54,9/22/2022 8:54,IP Address,166.205.159.1,100,27,TRUE,9/22/2022 8:54,R_9FSmnVIFDmdpO4V,,,,,26.2681,-80.2092,qr,EN,"Medical Assessment Considerations- Leslie Rubin, MD",Highly satisfied,,Perspective about what to have in mind and importance to cconsider,
9/22/2022 8:54,9/22/2022 8:55,IP Address,172.58.225.84,100,13,TRUE,9/22/2022 8:55,R_vNCBfVXaW88LFGF,,,,,40.6801,-73.9207,qr,EN,"Trauma and Stressor Related Disorders- Jill Hinton, PhD and Roberto Blanco, MD",Highly satisfied,,Everything ,
9/22/2022 8:54,9/22/2022 8:55,IP Address,166.205.159.1,100,11,TRUE,9/22/2022 8:55,R_25L8z4LOn7Zud2X,,,,,26.2681,-80.2092,qr,EN,"Psychiatric Assessment in IDD- Dan Baker, PhD and Jennifer McLaren, MD",Satisfied,,Good,
9/22/2022 8:53,9/22/2022 8:55,IP Address,67.224.128.118,100,85,TRUE,9/22/2022 8:55,R_1i9cV4PPRbhFm5T,,,,,18.3861,-66.0434,qr,EN,"Culturally Competent Patient Care- Roberto Blanco, MD and Kristal Garcia, LMSW",Highly satisfied,,The importance of being aware of what you patients' culture is to strengthen patient relationship as well as therapeutic approach.,
9/22/2022 8:55,9/22/2022 8:55,IP Address,166.205.159.1,100,11,TRUE,9/22/2022 8:55,R_wLZCiE2mJ7N46S5,,,,,26.2681,-80.2092,qr,EN,"Biopsychosocial Assessment Considerations- Melanie Hecker, MPA, Jill Hinton, PhD, and Jennifer McLaren, MD",Highly satisfied,,Great,
9/22/2022 8:55,9/22/2022 8:55,IP Address,172.58.225.84,100,11,TRUE,9/22/2022 8:55,R_2zHEUzaQGJRND4B,,,,,40.6801,-73.9207,qr,EN,"Anxiety Disorders- John Diamond, MD and Karen Weigle, PhD",Highly satisfied,,Everything ,
9/22/2022 8:54,9/22/2022 8:55,IP Address,172.58.225.212,100,54,TRUE,9/22/2022 8:55,R_1pKZ6mRptAG8VTM,,,,,40.6801,-73.9207,qr,EN,"Systems of Care for People with IDD- Jennifer McLaren, MD and Lisa Plotnick, MD",Satisfied,Difficult to apply to Puerto Rico’s option and system of care,It was helpful to learn about the best practices even if not available in our system,
9/22/2022 8:54,9/22/2022 8:55,IP Address,172.58.224.91,100,85,TRUE,9/22/2022 8:55,R_2xKpgbBrTbQTCsk,,,,,40.7123,-73.7985,qr,EN,"Fundamentals of Psychopharmacology- Jarrett Barnhill, MD",Somewhat Satisfied,Requires more time and sessions ,Focus on behavioral management/nonpharm interventiona,
9/22/2022 8:55,9/22/2022 8:55,IP Address,172.58.225.84,100,11,TRUE,9/22/2022 8:55,R_1Io686MZUPzjsXg,,,,,40.6801,-73.9207,qr,EN,"Obsessive Compulsive and Related Disorders- Jill Hinton, PhD and Michael Cummings, MD",Highly satisfied,,Everything ,
9/22/2022 8:54,9/22/2022 8:55,IP Address,107.77.216.80,100,72,TRUE,9/22/2022 8:55,R_31jc6DE7ZgaL4B7,,,,,28.6344,-81.6221,qr,EN,"Fundamentals of Psychopharmacology- Jarrett Barnhill, MD",Highly satisfied,,Emphasis on psychopharmacology  as adjunct therapy,
9/22/2022 8:55,9/22/2022 8:55,IP Address,172.58.225.212,100,24,TRUE,9/22/2022 8:55,R_1E4njrboInKb7mf,,,,,40.6801,-73.9207,qr,EN,"Medical Assessment Considerations- Leslie Rubin, MD",Satisfied,,Excellent,
9/22/2022 8:55,9/22/2022 8:55,IP Address,172.58.225.84,100,9,TRUE,9/22/2022 8:55,R_2RQCMkUACUcsx9K,,,,,40.6801,-73.9207,qr,EN,"Depression and Bipolar Disorder- Jenee Lewis-Walker, PhD and Jennifer McLaren, MD",Highly satisfied,,Everything ,
9/22/2022 8:55,9/22/2022 8:55,IP Address,166.205.159.1,100,32,TRUE,9/22/2022 8:56,R_1pLlGKXrInTHq9a,,,,,26.2681,-80.2092,qr,EN,"Trauma and Stressor Related Disorders- Jill Hinton, PhD and Roberto Blanco, MD",Highly satisfied,,Importance of considering traumatic aspect of doctors visita and being honest provider and educating patients and family,
9/22/2022 8:55,9/22/2022 8:56,IP Address,67.224.128.84,100,50,TRUE,9/22/2022 8:56,R_30bLLpNWTdYYIOF,,,,,18.3861,-66.0434,qr,EN,"Systems of Care for People with IDD- Jennifer McLaren, MD and Lisa Plotnick, MD",Highly satisfied,,To learn about the overall care that our patients need and try other alternatives besides medication.,
9/22/2022 8:56,9/22/2022 8:56,IP Address,107.77.216.80,100,28,TRUE,9/22/2022 8:56,R_1QAVvVIvnpZOVUh,,,,,28.6344,-81.6221,qr,EN,"The Lived Experience Perspective- Melanie Hecker, MPA, Susan Klick, BA, and Beth Grosso, MSW",Highly satisfied,,Hearing true life stories,
9/22/2022 8:56,9/22/2022 8:57,IP Address,67.224.128.84,100,54,TRUE,9/22/2022 8:57,R_2aW9OqRGuUGHCps,,,,,18.3861,-66.0434,qr,EN,"Introduction to Positive Medicine- Joan Beasley, PhD and Dan Tomasulo, PhD",Satisfied,,The strngth list to use with my patients.,
9/22/2022 8:57,9/22/2022 8:58,IP Address,67.224.128.84,100,58,TRUE,9/22/2022 8:58,R_2QQyQxD8dOnLya1,,,,,18.3861,-66.0434,qr,EN,"Fundamentals of Psychopharmacology- Jarrett Barnhill, MD",Satisfied,,The importance of recognizing all stressors and how pharmacology is not the only solution.,
9/22/2022 8:56,9/22/2022 8:58,IP Address,107.77.216.80,100,104,TRUE,9/22/2022 8:58,R_20MC9oBvEAFT811,,,,,28.6344,-81.6221,qr,EN,"Systems of Care for People with IDD- Jennifer McLaren, MD and Lisa Plotnick, MD",Somewhat Satisfied,"It is not representative of all 50 states and US territories, since in Puerto Rico we do not have the resources for such level of care described in the module ",I learned about a system I did not know existed and would consider advocating for such services in Puerto Rico,
9/22/2022 8:58,9/22/2022 8:59,IP Address,67.224.128.84,100,53,TRUE,9/22/2022 8:59,R_vxkDpyevHBdYW4h,,,,,18.3861,-66.0434,qr,EN,"Medical Assessment Considerations- Leslie Rubin, MD",Highly satisfied,,The overview of all the medical conditions and signs and symptoms one should be aware as a physician to properly assess ID population.,
9/22/2022 8:59,9/22/2022 8:59,IP Address,107.77.216.80,100,52,TRUE,9/22/2022 8:59,R_24eXaCYyze0KkqI,,,,,28.6344,-81.6221,qr,EN,"Medical Assessment Considerations- Leslie Rubin, MD",Highly satisfied,,"It reminds me that before being a mental health professional, I am a doctor in medicine and should treat a patient holistically ",
9/29/2022 6:15,9/29/2022 6:48,IP Address,107.122.105.95,100,1973,TRUE,9/29/2022 6:48,R_Bx2tmVzx8KLWG41,,,,,25.8502,-80.2367,qr,EN,"Biopsychosocial Assessment Considerations- Melanie Hecker, MPA, Jill Hinton, PhD, and Jennifer McLaren, MD",Highly satisfied,,The perspectives about each part of the formulation and the deficits in executive function explanation helped me understand better and grasp the difficulties these patients may have and how are they observed clinically.,
9/29/2022 6:15,9/29/2022 6:50,IP Address,107.72.178.141,100,2091,TRUE,9/29/2022 6:50,R_YWa8YIMykHXRLpf,,,,,28.6344,-81.6221,qr,EN,"Biopsychosocial Assessment Considerations- Melanie Hecker, MPA, Jill Hinton, PhD, and Jennifer McLaren, MD",Highly satisfied,,The hyperarousal diagram and prenatal factors that affect IDD,
9/29/2022 6:50,9/29/2022 6:50,IP Address,172.58.225.165,100,27,TRUE,9/29/2022 6:50,R_33jqg715XmH6UKP,,,,,40.822,-73.86,qr,EN,"Biopsychosocial Assessment Considerations- Melanie Hecker, MPA, Jill Hinton, PhD, and Jennifer McLaren, MD",Highly satisfied,,Everything ,Nothing 
9/29/2022 7:18,9/29/2022 7:19,IP Address,172.58.224.237,100,22,TRUE,9/29/2022 7:19,R_23dGYMS6wTOVNDd,,,,,40.6627,-73.9138,qr,EN,"Psychiatric Assessment in IDD- Dan Baker, PhD and Jennifer McLaren, MD",Highly satisfied,,All of it,Nothing
9/29/2022 7:18,9/29/2022 7:19,IP Address,107.122.105.95,100,82,TRUE,9/29/2022 7:19,R_2uZNMGGE3Dy8q1Z,,,,,25.8502,-80.2367,qr,EN,"Psychiatric Assessment in IDD- Dan Baker, PhD and Jennifer McLaren, MD",Highly satisfied,,Liked very much the conferences and explanations,
9/29/2022 7:18,9/29/2022 7:20,IP Address,172.58.225.18,100,90,TRUE,9/29/2022 7:20,R_rd5P82ObcRz6gql,,,,,40.822,-73.86,qr,EN,"Psychiatric Assessment in IDD- Dan Baker, PhD and Jennifer McLaren, MD",Highly satisfied,,HEAD TO TOE mnemonic aas very helpful,
9/29/2022 7:18,9/29/2022 7:20,IP Address,107.72.178.141,100,93,TRUE,9/29/2022 7:20,R_3s5tbZ430kJvhA0,,,,,28.6344,-81.6221,qr,EN,"Psychiatric Assessment in IDD- Dan Baker, PhD and Jennifer McLaren, MD",Satisfied,,The importance of assessing protective factors ,
9/29/2022 7:20,9/29/2022 7:20,IP Address,172.58.224.71,100,33,TRUE,9/29/2022 7:20,R_2rNP8hE7FOXPVb9,,,,,40.6627,-73.9138,qr,EN,"Biopsychosocial Assessment Considerations- Melanie Hecker, MPA, Jill Hinton, PhD, and Jennifer McLaren, MD",Highly satisfied,,All of it,Continue
9/29/2022 7:20,9/29/2022 7:20,IP Address,172.58.225.18,100,42,TRUE,9/29/2022 7:20,R_3sp5zX4CqG6wB6b,,,,,40.822,-73.86,qr,EN,"Psychiatric Assessment in IDD- Dan Baker, PhD and Jennifer McLaren, MD",Highly satisfied,,Everything,
9/29/2022 7:20,9/29/2022 7:21,IP Address,72.50.16.65,100,53,TRUE,9/29/2022 7:21,R_12irrhVZmhEGhYW,,,,,18.3616,-66.1935,qr,EN,"Psychiatric Assessment in IDD- Dan Baker, PhD and Jennifer McLaren, MD",Highly satisfied,,Everything ,Awesome!
9/29/2022 7:20,9/29/2022 7:21,IP Address,172.58.224.71,100,29,TRUE,9/29/2022 7:21,R_2dyTT01K2MfSlIg,,,,,40.6627,-73.9138,qr,EN,"Psychiatric Assessment in IDD- Dan Baker, PhD and Jennifer McLaren, MD",Highly satisfied,,Everything,Continue
9/29/2022 7:47,9/29/2022 7:48,IP Address,107.72.178.141,100,93,TRUE,9/29/2022 7:48,R_3HZc1DMsXoqll6i,,,,,28.6344,-81.6221,qr,EN,"Trauma and Stressor Related Disorders- Jill Hinton, PhD and Roberto Blanco, MD",Highly satisfied,,The integration of psychotherapy  and psychopharmacology,
10/6/2022 18:46,10/6/2022 18:48,IP Address,73.47.191.21,100,110,TRUE,10/6/2022 18:48,R_2aPpF4a1dLuc0wf,,,,,43.6448,-72.2971,anonymous,EN,"Introduction to Positive Medicine- Joan Beasley, PhD and Dan Tomasulo, PhD",Satisfied,,It was a great introduction to positive medicine and how that can look in a patient encounter. ,
10/7/2022 15:04,10/7/2022 15:07,IP Address,73.219.254.20,100,200,TRUE,10/7/2022 15:07,R_1jUM9KdjGCnrwd4,,,,,43.6444,-72.2455,anonymous,EN,"Introduction to Neurodiversity- Melanie Hecker, MPA and Jennifer McLaren, MD",Satisfied,,Helping better explain neurodivserity,
10/12/2022 16:08,10/12/2022 16:09,IP Address,73.143.48.100,100,55,TRUE,10/12/2022 16:09,R_7UwvaCniqd2BPR7,,,,,43.7389,-72.2967,anonymous,EN,"Introduction to Neurodiversity- Melanie Hecker, MPA and Jennifer McLaren, MD",Satisfied,,Well structured and give suggestions on how to recognize and understand neurodiversity,
10/12/2022 16:12,10/12/2022 16:14,IP Address,73.143.48.100,100,106,TRUE,10/12/2022 16:14,R_3oLShDIuZNG2v9n,,,,,43.7389,-72.2967,anonymous,EN,"Culturally Competent Patient Care- Roberto Blanco, MD and Kristal Garcia, LMSW",Highly satisfied,,"I thought the information was delivered effectively and enjoyed the use of example phrases both good and bad to better understand how a small word or phrase can be misconstrued such as ""noncompliant"".",
10/12/2022 16:17,10/12/2022 16:19,IP Address,73.143.48.100,100,134,TRUE,10/12/2022 16:19,R_cDdujFjN1zCRyAF,,,,,43.7389,-72.2967,anonymous,EN,"Systems of Care for People with IDD- Jennifer McLaren, MD and Lisa Plotnick, MD",Satisfied,I appreciate the listed resources that can help individuals with IDD however there are many barriers to these programs and how should a provider best help walk them through the forms/websites/etc.,I liked the real people monologues on how everything can help. I do wonder how often it does though.,
1/5/2023 6:25,1/5/2023 6:35,IP Address,129.170.195.214,100,613,TRUE,1/5/2023 6:35,R_3iCNERT4BD96cUi,,,,,43.7019,-72.2827,qr,EN,"Introduction to Neurodiversity- Melanie Hecker, MPA and Jennifer McLaren, MD",Highly satisfied,,I thought it was a brief but fairly comprehensive overview.,
1/5/2023 6:57,1/5/2023 7:01,IP Address,174.242.77.35,100,249,TRUE,1/5/2023 7:01,R_3HzhR8xnC2YCAFU,,,,,42.3562,-71.0631,qr,EN,"Culturally Competent Patient Care- Roberto Blanco, MD and Kristal Garcia, LMSW",Satisfied,,Good up-tp-date approach culturally competent care,I think it’s best to avoid broad generalizing phrases such as “us hispanics…” 
